﻿<?xml version="1.0" encoding="utf-8"?>
<LanguageData>
  <GuestDiplomacy.label>관개 개선</GuestDiplomacy.label>
  <GuestDiplomacy.logRulesInitiator.rulesStrings.0>r_logentry-&gt;[INITIATOR_nameDef](은)는 [RECIPIENT_nameDef]와 [TalkTopicLight]에 관해 외교적 대화를 나눔.</GuestDiplomacy.logRulesInitiator.rulesStrings.0>
  <GuestDiplomacy.logRulesInitiator.rulesStrings.1>r_logentry-&gt;[INITIATOR_nameDef](은)는 [RECIPIENT_nameDef]와 [subject]의 정치적 관련성을 논의함.</GuestDiplomacy.logRulesInitiator.rulesStrings.1>
  <GuestDiplomacy.logRulesInitiator.rulesStrings.2>r_logentry-&gt;[INITIATOR_nameDef](은)는  [RECIPIENT_nameDef]의 [PersonalCharacteristic](을)를 [complimented]</GuestDiplomacy.logRulesInitiator.rulesStrings.2>
  <GuestDiplomacy.logRulesInitiator.rulesStrings.3>r_logentry-&gt;[INITIATOR_nameDef](은)는  [RECIPIENT_nameDef]의 세력을 [complimented]</GuestDiplomacy.logRulesInitiator.rulesStrings.3>
  <GuestDiplomacy.logRulesInitiator.rulesStrings.4>r_logentry-&gt;[INITIATOR_nameDef](은)는 [RECIPIENT_factionName]의 관계를 [complimented]</GuestDiplomacy.logRulesInitiator.rulesStrings.4>
  <GuestDiplomacy.logRulesInitiator.rulesStrings.5>r_logentry-&gt;[INITIATOR_nameDef](은)는 [RECIPIENT_nameDef]의 [PersonFamily]에게 감사를 표함.</GuestDiplomacy.logRulesInitiator.rulesStrings.5>
  <GuestDiplomacy.logRulesInitiator.rulesStrings.6>r_logentry-&gt;[INITIATOR_nameDef](은)는 [RECIPIENT_nameDef]와 [opinion]에 의견이 일치함.</GuestDiplomacy.logRulesInitiator.rulesStrings.6>
  <GuestDiplomacy.logRulesInitiator.rulesStrings.7>opinion-&gt;[ConceptPositive]의 지원</GuestDiplomacy.logRulesInitiator.rulesStrings.7>
  <GuestDiplomacy.logRulesInitiator.rulesStrings.8>opinion-&gt;[ConceptNegative]의 불쾌감</GuestDiplomacy.logRulesInitiator.rulesStrings.8>
  <GuestDiplomacy.logRulesInitiator.rulesStrings.9>opinion-&gt;[ConceptNegative]의 공포</GuestDiplomacy.logRulesInitiator.rulesStrings.9>
  <GuestDiplomacy.logRulesInitiator.rulesStrings.10>opinion-&gt;[ConceptAny]</GuestDiplomacy.logRulesInitiator.rulesStrings.10>
  <GuestDiplomacy.logRulesInitiator.rulesStrings.11>opinion-&gt;[ConceptPositive] 개선</GuestDiplomacy.logRulesInitiator.rulesStrings.11>
  <GuestDiplomacy.logRulesInitiator.rulesStrings.12>complimented-&gt;칭송함.</GuestDiplomacy.logRulesInitiator.rulesStrings.12>
  <GuestDiplomacy.logRulesInitiator.rulesStrings.13>complimented-&gt;추켜세움.</GuestDiplomacy.logRulesInitiator.rulesStrings.13>
  <GuestDiplomacy.logRulesInitiator.rulesStrings.14>complimented-&gt;찬양함.</GuestDiplomacy.logRulesInitiator.rulesStrings.14>
  <GuestDiplomacy.logRulesInitiator.rulesStrings.15>complimented-&gt;갈채를 보냄.</GuestDiplomacy.logRulesInitiator.rulesStrings.15>
  <GuestDiplomacy.logRulesInitiator.rulesStrings.16>complimented-&gt;칭찬함.</GuestDiplomacy.logRulesInitiator.rulesStrings.16>
  <CharmGuestAttempt.label>포섭 시도</CharmGuestAttempt.label>
  <CharmGuestAttempt.logRulesInitiator.rulesStrings.0>r_logentry-&gt;[INITIATOR_nameDef](은)는 [RECIPIENT_nameDef][saidwords]</CharmGuestAttempt.logRulesInitiator.rulesStrings.0>
  <CharmGuestAttempt.logRulesInitiator.rulesStrings.1>r_logentry-&gt;[INITIATOR_nameDef](은)는 [RECIPIENT_nameDef]와 [INITIATOR_factionName]의 [ConceptPositive]에 대해 이야기 함.</CharmGuestAttempt.logRulesInitiator.rulesStrings.1>
  <CharmGuestAttempt.logRulesInitiator.rulesStrings.2>r_logentry-&gt;[INITIATOR_nameDef](은)는 [RECIPIENT_nameDef]에게 다른 정착민에 관해 [adjwords] 말을 건냄.</CharmGuestAttempt.logRulesInitiator.rulesStrings.2>
  <CharmGuestAttempt.logRulesInitiator.rulesStrings.3>r_logentry-&gt;[INITIATOR_nameDef](은)는 [RECIPIENT_nameDef]에게 다른 정착민을 소개함.</CharmGuestAttempt.logRulesInitiator.rulesStrings.3>
  <CharmGuestAttempt.logRulesInitiator.rulesStrings.4>saidwords-&gt;에게 [adjwords] 말을 건넴.</CharmGuestAttempt.logRulesInitiator.rulesStrings.4>
  <CharmGuestAttempt.logRulesInitiator.rulesStrings.5>saidwords-&gt;에게 [ConceptPositive](을)를 표현함.</CharmGuestAttempt.logRulesInitiator.rulesStrings.5>
  <CharmGuestAttempt.logRulesInitiator.rulesStrings.6>saidwords-&gt;에게 [adjwords] 제스쳐를 보냄.</CharmGuestAttempt.logRulesInitiator.rulesStrings.6>
  <CharmGuestAttempt.logRulesInitiator.rulesStrings.7>adjwords-&gt;흥미로운</CharmGuestAttempt.logRulesInitiator.rulesStrings.7>
  <CharmGuestAttempt.logRulesInitiator.rulesStrings.8>adjwords-&gt;친절하게</CharmGuestAttempt.logRulesInitiator.rulesStrings.8>
  <CharmGuestAttempt.logRulesInitiator.rulesStrings.9>adjwords-&gt;재미있는</CharmGuestAttempt.logRulesInitiator.rulesStrings.9>
  <CharmGuestAttempt.logRulesInitiator.rulesStrings.10>adjwords-&gt;다정하게</CharmGuestAttempt.logRulesInitiator.rulesStrings.10>
  <CharmGuestAttempt.logRulesInitiator.rulesStrings.11>adjwords-&gt;세련되게</CharmGuestAttempt.logRulesInitiator.rulesStrings.11>
</LanguageData>