﻿<?xml version="1.0" encoding="utf-8"?>
<LanguageData>
  <!-- Concepts taught through the learning readout, when opportunities arise -->
  <GuestBeds.label>방문객용 침대</GuestBeds.label>
  <GuestBeds.helpText>방문객들은 침대에서 자는 것을 더 선호할 것입니다.\n\n손님을 위해 만들 수 있는 특별한 침대가 있습니다.</GuestBeds.helpText>
  <RecruitGuest.label>방문객 포섭</RecruitGuest.label>
  <RecruitGuest.helpText>당신은 방문객을 포섭 할 수 있습니다.\n\n방문객을 포섭하는 것은 방문객이 속한 세력과의 우호도를 감소시킵니다. 협상을 위해 좋은 사교 기술을 가진 정착민이 필요할 것입니다.</RecruitGuest.helpText>
  <GuestWork.label>방문객 조력</GuestWork.label>
  <GuestWork.helpText>행복한 방문객들은 충분히 숙련된 스킬이 있다면 지역의 일을 도와줄 것입니다. 이 옵션을 사용하지 않거나 스킬 제한을 설정할 수 있습니다.</GuestWork.helpText>
</LanguageData>