﻿<?xml version="1.0" encoding="utf-8"?>
<LanguageData>

  <!-- Recruiting -->
  <RecruitAngerMultiple>{0} zdenerwowany {1} {2} x z rzędu.</RecruitAngerMultiple>
  <RecruitFactionAnger>{0} z {1} jest zły na ciebie za rekrutację {2} ({3}).</RecruitFactionAnger>
  <RecruitFactionAngerLeaderless>Członkowie {0} nigdy nie otrzymali odpowiedzi od swojej delegacji ({2}).</RecruitFactionAngerLeaderless>
  <LostGroupFactionAnger>{0} z {1} nigdy nie usłyszało o tej delegacji ({2}).</LostGroupFactionAnger>
  <LostGroupFactionAngerLeaderless>Członkowie {0} są zdenerwowani z powodu rekrutacji ({1}).</LostGroupFactionAngerLeaderless>
  <RecruitFactionPlease>{0} z {1} cieszy się, że zdjąłeś {2} !!!! jego ręce ({3}).</RecruitFactionPlease>
  <RecruitFactionPleaseLeaderless>Członkowie {0} cieszą się, że zdjąłeś {1} z ich rąk ({2}).</RecruitFactionPleaseLeaderless>
  <MessageGuestRecruitSuccess>{0} szczęśliwie postanowił dołączyć do twojej kolonii!</MessageGuestRecruitSuccess>
  <MessageGuestForcedRecruit>{0} został zmuszony do przyłączenia się do twojej kolonii!</MessageGuestForcedRecruit>
  <LetterLabelRecruitFactionChiefAnger>Szef rozgniewał się</LetterLabelRecruitFactionChiefAnger>
  <LetterLabelRecruitFactionAnger>Frakcja rozgniewała się</LetterLabelRecruitFactionAnger>
  <LetterLabelRecruitFactionChiefPlease>Szef zadowolony</LetterLabelRecruitFactionChiefPlease>
  <LetterLabelRecruitFactionPlease>Frakcja zadowolona</LetterLabelRecruitFactionPlease>

  <GuestCanBeRecruitedNow>{PAWN_labelShort} ma teraz wystarczającą liczbę przyjaciół, aby rekrutować.</GuestCanBeRecruitedNow>

  <TextMote_CharmFail>Obrażony</TextMote_CharmFail>
  <TextMote_CharmSuccess>Oczarowany</TextMote_CharmSuccess>

  <!-- Incident Results -->
  <VisitorsLeavingGreat>Są absolutnie zdumieni twoją gościnnością! (Score: {1})</VisitorsLeavingGreat>
  <VisitorsLeavingGood>Naprawdę podobał im się ich pobyt! (Score: {1})</VisitorsLeavingGood>
  <VisitorsLeavingNormal>Ich pobyt był w porządku. (Score: {1})</VisitorsLeavingNormal>
  <VisitorsLeavingBad>Oczekiwali od ciebie więcej. (Score: {1})</VisitorsLeavingBad>
  <VisitorsLeavingAwful>Byli strasznie rozczarowani swoim pobytem. (Score: {1})</VisitorsLeavingAwful>
  <VisitorSatisfied>{0} podobał się {1} pobyt. {2} cię zostawił {3}.</VisitorSatisfied>
  <VisitorVerySatisfied>{0} absolutnie podobał mi się {1} pobyt. {2} cię zostawił {3}.</VisitorVerySatisfied>
  <MessageVisitorsLeavingCold>Odwiedzający z {0} znowu wyjeżdżają, ponieważ jest za zimno.</MessageVisitorsLeavingCold>
  <VisitorsSentAway>Odesłałeś ich.</VisitorsSentAway>

  <VisitorsReturnSoon>Odwiedzą ponownie za kilka dni.</VisitorsReturnSoon>
  <VisitorsReturnWhile>Za chwilę znów się pojawią.</VisitorsReturnWhile>
  <VisitorsReturnNotSoon>Nie wrócą wkrótce.</VisitorsReturnNotSoon>
  <VisitorsReturnNot>Mieli już ciebie dość.</VisitorsReturnNot>

  <VisitorsArrivedTitle>Odwiedzający przybyli do {0} (od {1})</VisitorsArrivedTitle>
  <VisitorsArrivedDesc>Boją się wjechać na twoje terytorium z następujących powodów: \ n {1} \ n \ nJeśli je odeślesz, pozostaną w okolicy i wrócą później.</VisitorsArrivedDesc>
  <VisitorsArrivedAccept>Zapewnić bezpieczeństwo</VisitorsArrivedAccept>
  <VisitorsArrivedRefuse>Odeślij</VisitorsArrivedRefuse>
  <VisitorsArrivedRefuseUntilBeds>Odmawiaj gościom, dopóki nie będę mieć łóżek dla gości</VisitorsArrivedRefuseUntilBeds>
  <VisitorsArrivedReasonNoBeds>Brak łóżek dla gości</VisitorsArrivedReasonNoBeds>

  <LetterLabelDownedPawnBecameGuest>{PAWN_labelShort} został gościem</LetterLabelDownedPawnBecameGuest>
  <LetterLabelDownedPawnJoinedGroup>{PAWN_labelShort} dołączyli goście</LetterLabelDownedPawnJoinedGroup>
  <DownedPawnBecameGuest>{PAWN_nameDef}, którego uratowałeś, jest teraz gościem, a {PAWN_pronoun} zostanie na kilka godzin. Możesz poczekać, wysłać {PAWN_objective} do domu lub zrekrutować {PAWN_objective}. \ N \ nKiedy {PAWN_labelShort} bezpiecznie opuści mapę, frakcja {PAWN_possessive} będzie wdzięczna.</DownedPawnBecameGuest>
  <DownedPawnJoinedGroup>{PAWN_nameDef}, którego uratowałeś, dołączył do grupy odwiedzających frakcję {PAWN_possessive}. Gdy {PAWN_pronoun} bezpiecznie opuści mapę wraz z nimi, będą im wdzięczni.</DownedPawnJoinedGroup>

  <LetterLabelHappyGuestJoins>{PAWN_labelShort} chce zostać</LetterLabelHappyGuestJoins>
  <HappyGuestJoins>{PAWN_labelShort} z {0} zawarł umowę z frakcją {PAWN_possessive}, aby umożliwić im dołączenie do ciebie jako ambasadora. Nie pogorszy to relacji z frakcją {PAWN_possessive}. \ N \ nMasz czas zdecydować, dopóki nie odejdą.</HappyGuestJoins>

  <GuestBoughtItem>Członek {0} kupił {ITEM_label} za {1} srebra.</GuestBoughtItem>

  <!-- Communication -->
  <InviteGuests>Zaproś na wizytę </InviteGuests>
  <GuestsCantBeHostile>nie może być wrogi</GuestsCantBeHostile>
  <GuestsDontWantToCome>obecnie nie jestem zainteresowany twoją wizytą</GuestsDontWantToCome>
  <GuestsAlreadyComing>są już w drodze i przybędą za {0}</GuestsAlreadyComing>
  <GuestsOnTheirWay>Wysyłają delegację. Spodziewaj się, że dotrą za {0}.</GuestsOnTheirWay>

  <!-- Pawn Tab -->
  <AreaToStay>Dozwolony obszar</AreaToStay>
  <AreaToBuy>Strefa zakupów</AreaToBuy>
  <AreaNoShopping>Żadnych zakupów</AreaNoShopping>
  <AreaToStayTooltip>To tutaj goście mogą spać i spędzać wolny czas.</AreaToStayTooltip>
  <AreaToBuyTooltip>Goście mogą kupować przedmioty w tej strefie. Musi znajdować się w obszarze zakwaterowania.</AreaToBuyTooltip>
  <ConvincingLeft>Przekonanie wymagane</ConvincingLeft>
  <FriendsRequirement>Wystarczająca liczba przyjaciół do rekrutacji: {0} / {1}</FriendsRequirement>
  <RecruitmentPenalty>Uszkodzenie w związku podczas rekrutacji: {0} (wymuszono {1})</RecruitmentPenalty>
  <ImproveRelationship>Spróbuj zabawiać</ImproveRelationship>
  <MakeFriends>Staraj się tworzyć przyjaźnie</MakeFriends>
  <LeaveAlone>Zostawić w spokoju</LeaveAlone>
  <FactionGoodwill>Dobra wola frakcji</FactionGoodwill>
  <Hospitality>Hospitality</Hospitality>
  <MakeDefault>Ustaw jako domyślne</MakeDefault>
  <SendAway>Odeślij...</SendAway>
  <SendAwayQuestion>Czy na pewno chcesz wysłać gości z {0} dalej? \ Jeśli odeślesz ich natychmiast po pojawieniu się, nie będzie to miało wpływu na relacje.</SendAwayQuestion>
  <Recruit>Rekrutuj...</Recruit>
  <RecruitQuestion>Możesz teraz zrekrutować {PAWN_nameDef}. \ N \ nPonieważ {PAWN_pronoun} ma wystarczającą liczbę przyjaciół, kosztuje to tylko {0} punktów relacji z frakcją {PAWN_possessive}. {1} \ n \ n \ n Czy na pewno chcesz rekrutować {PAWN_objective}?</RecruitQuestion>
  <ForceRecruit> Wymuś rekrutację ...</ForceRecruit>
  <ForceRecruitQuestion>Możesz natychmiast zrekrutować {PAWN_nameDef}. \ N \ nPonieważ {PAWN_pronoun} nie ma jeszcze wystarczającej liczby przyjaciół, aby dołączyć do ciebie na {PAWN_possessive} z własnej woli, kosztuje to {0} punktów za relacje z frakcją {PAWN_possessive}. Będzie mniej, jeśli {PAWN_pronoun} ma więcej przyjaciół. {1} \ n \ n \ nCzy na pewno nie chcesz czekać?</ForceRecruitQuestion>
  <ForceRecruitWarning>\n\nThis spowoduje, że natychmiast staną się wrogo nastawieni.</ForceRecruitWarning>
  <NotEnoughFriends>[PAWN_nameDef] nie lubi wystarczająco dużo twoich kolonistów (opinion &gt; {0}).</NotEnoughFriends>
  <CanNowBeRecruited>[PAWN_nameDef] można teraz rekrutować.</CanNowBeRecruited>
  <IsATrader>[PAWN_nameDef] jest częścią karawany handlowej, a nie gościem.</IsATrader>
  <ImproveTooltip>Twoi dyplomaci będą próbowali tymczasowo poprawić nastrój gościa. Dobrzy dyplomaci są w tym bardziej skuteczni. Źli dyplomaci mogą rozgniewać gościa.</ImproveTooltip>
  <TryRecruitTooltip>Twoi dyplomaci będą próbować zaprzyjaźnić się z gościem z innymi kolonistami. Dobrzy dyplomaci są w tym bardziej skuteczni. Źli dyplomaci mogą rozgniewać gościa. Kiedy gość będzie miał dość przyjaciół, dołączy do twojej kolonii.</TryRecruitTooltip>
  <RecruitTooltip>Twój gość ma wystarczająco dużo przyjaźni w kolonii i można go teraz rekrutować. Rekrutacja powoduje jednak uszkodzenie relacji z tą frakcją.</RecruitTooltip>
  <MakeDefaultTooltip>Stosuje obszary i ustawienia rozrywki dla wszystkich obecnych i przyszłych gości.</MakeDefaultTooltip>
  <ForceRecruitTooltip>Zamiast czekać, aż dyplomaci przekonają tego gościa, możesz też zmusić go do pozostania. Obrażenia w relacji z tą frakcją będą jednak znacznie wyższe.</ForceRecruitTooltip>
  <SendAwayTooltip>Poproś grupę tego gościa o powrót do domu.</SendAwayTooltip>

  <!-- Main Tab -->
  <BedsFilled>Łóżka w użyciu: {0}/{1}</BedsFilled>

  <!-- Infos -->
  <StatsReport_MissingFriends>Brakujących przyjaciół</StatsReport_MissingFriends>

  <!-- Bed -->
  <GuestBedFormat>goście {0}</GuestBedFormat>
  <CommandBedSetAsGuestLabel>Dla Gości</CommandBedSetAsGuestLabel>
  <CommandBedSetAsGuestDesc>Czy to łóżko jest dla gości.</CommandBedSetAsGuestDesc>
  <FeeNone>Cena: bez opłat</FeeNone>
  <FeeAmount>Cena: {0} srebra za pobyt</FeeAmount>
  <CommandBedIncreaseFeeLabel>+{0}</CommandBedIncreaseFeeLabel>
  <CommandBedIncreaseFeeDesc>Zwiększ opłatę o {0}. Goście wynajmujący to łóżko będą mieli {1} efekt nastroju.</CommandBedIncreaseFeeDesc>
  <CommandBedDecreaseFeeLabel>-{0}</CommandBedDecreaseFeeLabel>
  <CommandBedDecreaseFeeDesc>Zmniejsz opłatę o {0}. Goście wynajmujący to łóżko będą mieli {1} efekt nastroju.</CommandBedDecreaseFeeDesc>

  <!-- Settings -->
  <DisableLimits>Wyłącz limity opcji</DisableLimits>
  <DisableLimitsDesc>Gdy ta opcja jest włączona, możesz dostosować ustawienia bardziej niż zalecane dla uczciwej gry.</DisableLimitsDesc>
  <DisableVisitors>Wyłącz odwiedzających</DisableVisitors>
  <DisableVisitorsDesc>Nienawidzisz odwiedzających i zastanawiasz się, dlaczego w ogóle masz ten mod.</DisableVisitorsDesc>
  <DisableGuestsHelping>Wyłącz gości pomagających</DisableGuestsHelping>
  <DisableGuestsHelpingDesc>Po zaznaczeniu goście nie wykonają żadnej pracy w Twojej kolonii.</DisableGuestsHelpingDesc>
  <DisableArtAndCraft>Wyłącz gości pomagających w sztuce i rzemiośle</DisableArtAndCraft>
  <DisableArtAndCraftDesc>Po zaznaczeniu goście nie będą wykonywać żadnych zadań artystycznych ani rzemieślniczych.</DisableArtAndCraftDesc>
  <DisableOperations>Wyłącz gości pomagających w operacjach</DisableOperations>
  <DisableOperationsDesc>Po zaznaczeniu goście nie będą wykonywać żadnych operacji medycznych.</DisableOperationsDesc>
  <DisableMedical>Wyłącz pionki leczące gości</DisableMedical>
  <DisableMedicalDesc>Po zaznaczeniu goście nie będą wykonywać żadnych prac opiekuńczych.</DisableMedicalDesc>
  <DisableGifts>Wyłącz gości pozostawiających prezenty</DisableGifts>
  <DisableGiftsDesc>Po zaznaczeniu goście nigdy nie pozostawiają przedmiotów, gdy są zadowoleni.</DisableGiftsDesc>
  <MinGuestWorkSkill>Minimalna umiejętność do pracy</MinGuestWorkSkill>
  <MinGuestWorkSkillDesc>Minimalna umiejętność, którą gość musi wykonać, aby pomóc. (zalecane: 7)</MinGuestWorkSkillDesc>
  <MinGuestGroupSize>Minimalna wielkość grupy gości</MinGuestGroupSize>
  <MinGuestGroupSizeDesc>Minimalna wielkość grupy gości. (zalecane: 1)</MinGuestGroupSizeDesc>
  <MaxGuestGroupSize>Maksymalny rozmiar grupy gości</MaxGuestGroupSize>
  <MaxGuestGroupSizeDesc>Maksymalny rozmiar grupy gości może być. (zalecane: 16)</MaxGuestGroupSizeDesc>
  <DisableGuestsTab>Wyłącz kartę gości</DisableGuestsTab>
  <DisableGuestsTabDesc>Ukryj kartę gości na głównym pasku kart.</DisableGuestsTabDesc>
  <EnableBuyNotification>Włącz powiadomienie o zakupie</EnableBuyNotification>
  <EnableBuyNotificationDesc>Otrzymuj wiadomość, gdy gość coś kupi. Można przejrzeć w historii wiadomości.</EnableBuyNotificationDesc>
  <EnableRecruitNotification>Włącz wystarczającą liczbę powiadomień znajomych</EnableRecruitNotification>
  <EnableRecruitNotificationDesc>Otrzymuj wiadomość, gdy gość ma wystarczającą liczbę przyjaciół do rekrutacji.</EnableRecruitNotificationDesc>

</LanguageData>
