﻿<?xml version="1.0" encoding="utf-8"?>
<LanguageData>

  <TableAnimalProsthetics.label>动物假体制作台</TableAnimalProsthetics.label>
  <TableAnimalProsthetics.description>这个制作台能制作动物假体和器官</TableAnimalProsthetics.description>
  <TableAnimalProsthetics_Blueprint.label>动物假体制作台（蓝图）</TableAnimalProsthetics_Blueprint.label>
  <TableAnimalProsthetics_Blueprint_Install.label>动物假体制作台（蓝图）</TableAnimalProsthetics_Blueprint_Install.label>
  <TableAnimalProsthetics_Frame.label>动物假体制作台（建造中）</TableAnimalProsthetics_Frame.label>
  <TableAnimalProsthetics_Frame.description>这个制作台能制作动物假体和器官</TableAnimalProsthetics_Frame.description>


</LanguageData>
