﻿<?xml version="1.0" encoding="utf-8"?>
<LanguageData>

  <!-- Limbs -->

  <ProstheticTailAnimal.label>简易假尾</ProstheticTailAnimal.label>
  <ProstheticTailAnimal.description>一个简易的假肢尾巴。适用于所有动物。</ProstheticTailAnimal.description>

  <SimpleProstheticLegAnimal.label>简易动物假腿</SimpleProstheticLegAnimal.label>
  <SimpleProstheticLegAnimal.description>一个简易的动物假腿。适用于所有动物。</SimpleProstheticLegAnimal.description>

  <SimpleProstheticArmAnimal.label>简易动物假臂</SimpleProstheticArmAnimal.label>
  <SimpleProstheticArmAnimal.description>一个简易的动物假手臂。只适用于猴子。</SimpleProstheticArmAnimal.description>


  <!-- Other Parts -->

  <NoseAnimalSimple.label>简易动物鼻</NoseAnimalSimple.label>
  <NoseAnimalSimple.description>一个简易的动物鼻子。适用于除鸟类和虫族以外的所有动物。</NoseAnimalSimple.description>

  <JawAnimalSimple.label>简易动物下颚</JawAnimalSimple.label>
  <JawAnimalSimple.description>一个能够正常运作的动物下颚。适用于所有动物。</JawAnimalSimple.description>

  <EarAnimalSimple.label>简易动物耳</EarAnimalSimple.label>
  <EarAnimalSimple.description>一个简易的动物耳朵。适用于所有动物。</EarAnimalSimple.description>

  <SpineAnimalSimple.label>简易动物脊椎</SpineAnimalSimple.label>
  <SpineAnimalSimple.description>一个能够正常运作的动物脊椎。适用于所有动物。</SpineAnimalSimple.description>


  <!-- Limbs -->

  <BionicLegAnimal.label>仿生动物腿</BionicLegAnimal.label>
  <BionicLegAnimal.description>一个先进的仿生动物腿。适用于所有动物。</BionicLegAnimal.description>

  <BionicArmAnimal.label>仿生动物臂</BionicArmAnimal.label>
  <BionicArmAnimal.description>一个先进的仿生动物手臂。只适用于猴子。</BionicArmAnimal.description>


  <!-- Other Parts -->

  <BionicEyeAnimal.label>仿生动物眼</BionicEyeAnimal.label>
  <BionicEyeAnimal.description>一个先进的仿生动物眼。适用于所有动物。</BionicEyeAnimal.description>

  <JawAnimalBionic.label>仿生动物下颚</JawAnimalBionic.label>
  <JawAnimalBionic.description>一个先进的仿生动物下颚。适用于所有动物。</JawAnimalBionic.description>

  <EarAnimalBionic.label>仿生动物耳</EarAnimalBionic.label>
  <EarAnimalBionic.description>一个先进的仿生动物耳。适用于所有动物。</EarAnimalBionic.description>

  <SpineAnimalBionic.label>仿生动物脊椎</SpineAnimalBionic.label>
  <SpineAnimalBionic.description>一个先进的仿生动物脊椎。适用于所有动物。</SpineAnimalBionic.description>

  <AnimalBrainStimulator.label>仿生动物大脑刺激器</AnimalBrainStimulator.label>
  <AnimalBrainStimulator.description>一个动物的大脑刺激器，强化意识。适用于所有动物。</AnimalBrainStimulator.description>

  <BionicAnimalHeart.label>仿生动物心脏</BionicAnimalHeart.label>
  <BionicAnimalHeart.description>一个先进的仿生动物心脏。适用于所有动物。</BionicAnimalHeart.description>

  <BionicAnimalStomach.label>仿生动物胃</BionicAnimalStomach.label>
  <BionicAnimalStomach.description>一个先进的仿生动物胃。适用于所有动物。</BionicAnimalStomach.description>

  <BionicAnimalLung.label>仿生动物肺</BionicAnimalLung.label>
  <BionicAnimalLung.description>一个先进的仿生动物肺。适用于所有动物。</BionicAnimalLung.description>

  <BionicAnimalLiver.label>仿生动物肝</BionicAnimalLiver.label>
  <BionicAnimalLiver.description>一个先进的仿生动物肝。适用于所有动物。</BionicAnimalLiver.description>

  <BionicAnimalKidney.label>仿生动物肾</BionicAnimalKidney.label>
  <BionicAnimalKidney.description>一个先进的仿生动物肾。适用于所有动物。</BionicAnimalKidney.description>


</LanguageData>
