﻿<?xml version="1.0" encoding="utf-8"?>
<LanguageData>

  <RecruitRelationshipDamage.label>zrekrutować obrażenia w związku</RecruitRelationshipDamage.label>
  <RecruitRelationshipDamage.description>Szkody wyrządzone w związku z frakcją tej osoby podczas udanej rekrutacji.</RecruitRelationshipDamage.description>

  <ForcedRecruitRelationshipDamage.label>wymuszone uszkodzenie relacji rekrutacyjnych</ForcedRecruitRelationshipDamage.label>
  <ForcedRecruitRelationshipDamage.description>Szkody wyrządzone w związku z frakcją tej osoby podczas intensywnej rekrutacji.</ForcedRecruitRelationshipDamage.description>

  <RecruitEffectivity.label>współczynnik efektywności rekrutacji</RecruitEffectivity.label>
  <RecruitEffectivity.description>Skuteczność podczas próby oczarowania odwiedzających, aby dołączyć do Twojej frakcji.</RecruitEffectivity.description>


</LanguageData>