﻿<?xml version="1.0" encoding="utf-8"?>
<LanguageData>

  <TheRichExplorer.label>The Survivor</TheRichExplorer.label>
  <TheRichExplorer.description>People called you crazy for leaving your glitterworld home, but you always yearned to explore the stars - outside the neurosimulator. Now you're at the end of your long journey in cryptosleep, landing on an unknown rimworld to see what it's like.</TheRichExplorer.description>
  <TheRichExplorer.scenario.name>The Survivor</TheRichExplorer.scenario.name>
  <TheRichExplorer.scenario.summary>One rich explorer out to experience the universe.</TheRichExplorer.scenario.summary>
  <TheRichExplorer.scenario.description>People called you crazy for leaving your glitterworld home, but you always yearned to explore the stars - outside the neurosimulator. Now you're at the end of your long journey in cryptosleep, landing on an unknown rimworld to see what it's like.</TheRichExplorer.scenario.description>
  <TheRichExplorer.scenario.parts.0.text>The neurosimulations, holo-games, and free-orgies were never enough for you. You wanted more - the grit and consequence of real life, like they talk about in the history books. You wanted to know what real challenge and consequence feel like.\n\nNow, after a journey of decades in cryptosleep, you're landing on this unknown rimworld. Real consequences await you.</TheRichExplorer.scenario.parts.0.text>


</LanguageData>