﻿<?xml version="1.0" encoding="utf-8"?>
<LanguageData>

  <NovaScenario.label>Planetary Recon</NovaScenario.label>
  <NovaScenario.description>Your crew and supplies are being dropped in a new unexplored region of this remote planet. Your task is to establish a perimeter, build a permanent habitat and start to explore world. \n\nYou will play for nova race.</NovaScenario.description>
  <NovaScenario.scenario.name>Planetary Recon</NovaScenario.scenario.name>
  <NovaScenario.scenario.summary>Establish a perimeter, build a habitat and start to explore.</NovaScenario.scenario.summary>
  <NovaScenario.scenario.description>Your crew and supplies are being dropped in a new unexplored region of this remote planet. Your task is to establish a perimeter, build a permanent habitat and start to explore world. \n\nYou will play for nova race.</NovaScenario.scenario.description>


</LanguageData>