﻿<?xml version="1.0" encoding="utf-8"?>
<LanguageData>

  <TwoTails.label>Two tails and an unknown object</TwoTails.label>
  <TwoTails.description>Two Orassian saw in the sky a strange object, which is rapidly falling to the ground, to which they were quick to get in time. The game begins with the moment when two Orassians found the place a spaceship wreck. \n\nYou will play for orassan race.</TwoTails.description>
  <TwoTails.scenario.name>Two tails and an unknown object</TwoTails.scenario.name>
  <TwoTails.scenario.summary>Forward to a shipwreck. There may have survived?</TwoTails.scenario.summary>
  <TwoTails.scenario.description>Two Orassian saw in the sky a strange object, which is rapidly falling to the ground, to which they were quick to get in time. The game begins with the moment when two Orassians found the place a spaceship wreck. \n\nYou will play for orassan race.</TwoTails.scenario.description>


</LanguageData>