﻿<?xml version="1.0" encoding="utf-8"?>
<LanguageData>

  <Classic.label>Classic</Classic.label>
  <Classic.description>The three of you awake in your cryptosleep sarcophagi. Some time later, you land on this unknown rimworld.</Classic.description>
  <Classic.scenario.name>Classic</Classic.scenario.name>
  <Classic.scenario.summary>Three survivors - the classic RimWorld experience.</Classic.scenario.summary>
  <Classic.scenario.description>The three of you awake in your cryptosleep sarcophagi. Some time later, you land on this unknown rimworld.</Classic.scenario.description>


</LanguageData>