﻿<?xml version="1.0" encoding="utf-8"?>
<LanguageData>

  <Exiled.label>Exiled</Exiled.label>
  <Exiled.description>A stranded survivor with very enigmatic origins tries to escape a rimworld. There is nothing to help him in this endeavour, but his own abilities. The true testament of any rimworld survivor. \n\nTrue hardcore scenario. You will play for human race.</Exiled.description>
  <Exiled.scenario.name>Exiled</Exiled.scenario.name>
  <Exiled.scenario.summary>An enigmatic survivor tries to escape from a hostile world, with nothing but his wits to help him.</Exiled.scenario.summary>
  <Exiled.scenario.description>A stranded survivor with very enigmatic origins tries to escape a rimworld. There is nothing to help him in this endeavour, but his own abilities. The true testament of any rimworld survivor. \n\nTrue hardcore scenario. You will play for human race.</Exiled.scenario.description>
  <Exiled.scenario.parts.0.text>You are not sure how you got there. Maybe it was something you did to someone. Maybe you pushed your luck too hard. Whatever brought you there, it strangely feels like it was on purpose. Next to you lies a note, that says:\n\n"I managed to sneak you out of there, but you need to leave this world ASAP. Best of luck." \n\nTou don't know who wrote this, but it seems like you need to start a camp to survive.</Exiled.scenario.parts.0.text>


</LanguageData>