﻿<?xml version="1.0" encoding="utf-8"?>
<LanguageData>

  <LostTribe.label>Lost Cannibals</LostTribe.label>
  <LostTribe.description>Your tribe was destroyed by the great blood machines sent by the gods. Five of you managed to escape. Now, it's time to build up a new home. \n\nYou will play for human race.</LostTribe.description>
  <LostTribe.scenario.name>Lost Cannibals</LostTribe.scenario.name>
  <LostTribe.scenario.summary>Five lost tribespeople attempt to rebuild.</LostTribe.scenario.summary>
  <LostTribe.scenario.description>Your tribe was destroyed by the great blood machines sent by the gods. Five of you managed to escape. Now, it's time to build up a new home. \n\nYou will play for human race.</LostTribe.scenario.description>
  <LostTribe.scenario.parts.0.text>The gods were very angry. The blood machines came at night. They swept through your village, cutting and burning your people with their blades and devil-fire.\n\nOnly a few of you escaped. Now, after a harrowing journey on foot, with no close friends to turn to, you must build a new home in the wilderness, like your ancestors did.</LostTribe.scenario.parts.0.text>


</LanguageData>