﻿<?xml version="1.0" encoding="utf-8"?>
<LanguageData>

  <Crashlanded_Nuclear_Fallout.label>Nuclear fallout</Crashlanded_Nuclear_Fallout.label>
  <Crashlanded_Nuclear_Fallout.description>The group of you awake in your cryptosleep sarcophagi to the sound of sirens and ripping metal. You barely get to the escape pods before the ship is torn apart. While flying towards the ground, you feel a huge explosion, shaking your pod. Some time later, you land on this unknown rimworld, a toxic wasteland. Luckily you managed to grab a Сhemical Protection Suit from one of the engineers.</Crashlanded_Nuclear_Fallout.description>
  <Crashlanded_Nuclear_Fallout.scenario.name>Nuclear fallout</Crashlanded_Nuclear_Fallout.scenario.name>
  <Crashlanded_Nuclear_Fallout.scenario.summary>Three crashlanded survivors - with nuclear fallout.</Crashlanded_Nuclear_Fallout.scenario.summary>
  <Crashlanded_Nuclear_Fallout.scenario.description>The group of you awake in your cryptosleep sarcophagi to the sound of sirens and ripping metal. You barely get to the escape pods before the ship is torn apart. While flying towards the ground, you feel a huge explosion, shaking your pod. Some time later, you land on this unknown rimworld, a toxic wasteland. Luckily you managed to grab a Сhemical Protection Suit from one of the engineers.</Crashlanded_Nuclear_Fallout.scenario.description>
  <Crashlanded_Nuclear_Fallout.scenario.parts.0.text>The three of you awake in your cryptosleep sarcophagi to the sound of sirens and ripping metal. You barely get to the escape pods before the ship is torn apart. While flying towards the ground, you feel a huge explosion, shaking your pod. Some time later, you land on this unknown rimworld, a toxic wasteland. Luckily you managed to grab a full ABC-Suit from one of the engineers.</Crashlanded_Nuclear_Fallout.scenario.parts.0.text>


</LanguageData>