﻿<?xml version="1.0" encoding="utf-8"?>
<LanguageData>

  <Crashlanded.label>Crashlanded</Crashlanded.label>
  <Crashlanded.description>Somewhere in the deep space, far from magnificent Glitterworlds, a slave ship full of its recent catch was orbiting an isolated planet.\n\n     No one knows what caused the explosion in the cargo deck, but the ship was torn apart instantly. The few slavers that survived the explosion tried to flee in the escape pods, but a failure emergency systems lead to automatic pre-release of those pods. Scattered ship parts crashed onto the planet's surface, killing everyone who was awake inside.\n\n     Nevertheless, some of the slaves sleeping in the prisoner cryptosleep caskets managed to survive the impact and awoke from their slumber. They had no idea where they were, how far away from home they were taken, or if they ever would get back again. As the debris settled, they trudged out onto the foreign land and began their survival in this harsh Rimworld.
		
		Note: this scenario should have to start without creating a colonists in the manual mode (prepare carefully).
		</Crashlanded.description>
  <Crashlanded.scenario.name>Crashlanded</Crashlanded.scenario.name>
  <Crashlanded.scenario.summary>Ascend your colony of crashlanded survivors from primitive savagery to the magnificence of transcendence.</Crashlanded.scenario.summary>
  <Crashlanded.scenario.description>Somewhere in the deep space, far from magnificent Glitterworlds, a slave ship full of its recent catch was orbiting an isolated planet.\n\n     No one knows what caused the explosion in the cargo deck, but the ship was torn apart instantly. The few slavers that survived the explosion tried to flee in the escape pods, but a failure emergency systems lead to automatic pre-release of those pods. Scattered ship parts crashed onto the planet's surface, killing everyone who was awake inside.\n\n     Nevertheless, some of the slaves sleeping in the prisoner cryptosleep caskets managed to survive the impact and awoke from their slumber. They had no idea where they were, how far away from home they were taken, or if they ever would get back again. As the debris settled, they trudged out onto the foreign land and began their survival in this harsh Rimworld.
		
		Note: this scenario should have to start without creating a colonists in the manual mode (prepare carefully).
		</Crashlanded.scenario.description>
  <Crashlanded.scenario.parts.0.text>     Somewhere in the deep space, far from magnificent Glitterworlds, a slave ship full of its recent catch was orbiting an isolated planet.\n\n     No one knows what caused the explosion in the cargo deck, but the ship was torn apart instantly. The few slavers that survived the explosion tried to flee in the escape pods, but a failure emergency systems lead to automatic pre-release of those pods. Scattered ship parts crashed onto the planet's surface, killing everyone who was awake inside.\n\n     Nevertheless, some of the slaves sleeping in the prisoner cryptosleep caskets managed to survive the impact and awoke from their slumber. They had no idea where they were, how far away from home they were taken, or if they ever would get back again. As the debris settled, they trudged out onto the foreign land and began their survival in this harsh Rimworld.</Crashlanded.scenario.parts.0.text>


</LanguageData>