﻿<?xml version="1.0" encoding="utf-8"?>
<LanguageData>

  <RevengeAsari.label>Asari revenge</RevengeAsari.label>
  <RevengeAsari.description>After losing their memories, asari searched their home for decades, but have not found any clues. After a while, when they are desperate and scattered in all directions, their sensors showed a strange signal. Alarmed and concerned about, they went straight to the epitsenter this signal. It was an ancient artifact, an ancient civilization Protheans who died in consequence of a great harvest.\n\nAzari , who learned the truth about their past and about the fate of the entire galaxy that is affected by the Reapers, decided to join forces and colonize the planet to rise again, to find the good name of a great race and hit back the approaching threat. \nYou will play for asari race. \nMake Asari great again!</RevengeAsari.description>
  <RevengeAsari.scenario.name>Asari revenge</RevengeAsari.scenario.name>
  <RevengeAsari.scenario.summary>Colonize the planet with Azari to rise again, to find the good name of a great race and hit back the approaching threat. Make Asari great again!</RevengeAsari.scenario.summary>
  <RevengeAsari.scenario.description>After losing their memories, asari searched their home for decades, but have not found any clues. After a while, when they are desperate and scattered in all directions, their sensors showed a strange signal. Alarmed and concerned about, they went straight to the epitsenter this signal. It was an ancient artifact, an ancient civilization Protheans who died in consequence of a great harvest.\n\nAzari , who learned the truth about their past and about the fate of the entire galaxy that is affected by the Reapers, decided to join forces and colonize the planet to rise again, to find the good name of a great race and hit back the approaching threat. \nYou will play for asari race. \nMake Asari great again!</RevengeAsari.scenario.description>


</LanguageData>