﻿<?xml version="1.0" encoding="utf-8"?>
<LanguageData>

  <Faction.label>faction</Faction.label>
  <Entertain.headerTip>Entertain</Entertain.headerTip>
  <MakeFriends.headerTip>Make friends</MakeFriends.headerTip>
  <AccommodationArea.label>area of accommodation</AccommodationArea.label>
  <ShoppingArea.label>shopping area</ShoppingArea.label>
  <FriendsForRecruiting.headerTip>Friends in colony</FriendsForRecruiting.headerTip>
  <Hospitality.headerTip>Hospitality</Hospitality.headerTip>


</LanguageData>