﻿<?xml version="1.0" encoding="utf-8"?>
<LanguageData>

  <GuestAngered.stages.0.label>因目睹招募而愤怒</GuestAngered.stages.0.label>
  <GuestAngered.stages.0.labelSocial>我对招募之事感到愤怒</GuestAngered.stages.0.labelSocial>
  <GuestAngered.stages.0.description>那群家伙正试图挖走我们的人！</GuestAngered.stages.0.description>

  <GuestOffendedRelationship.stages.0.label>被殖民者侮辱</GuestOffendedRelationship.stages.0.label>
  <GuestOffendedRelationship.stages.0.labelSocial>我被侮辱了</GuestOffendedRelationship.stages.0.labelSocial>
  <GuestOffendedRelationship.stages.0.description>那群失败者！</GuestOffendedRelationship.stages.0.description>

  <GuestPleasedRelationship.stages.0.label>被殖民者说服</GuestPleasedRelationship.stages.0.label>
  <GuestPleasedRelationship.stages.0.labelSocial>我被说服了</GuestPleasedRelationship.stages.0.labelSocial>
  <GuestPleasedRelationship.stages.0.description>多么好的一群人啊！</GuestPleasedRelationship.stages.0.description>

  <EndorsedByRecruiter.stages.0.label>被招募者认可</EndorsedByRecruiter.stages.0.label>
  <EndorsedByRecruiter.stages.0.labelSocial>招募者认可了我</EndorsedByRecruiter.stages.0.labelSocial>
  <EndorsedByRecruiter.stages.0.description>这个人对我很推崇。</EndorsedByRecruiter.stages.0.description>

  <GuestDismissiveAttitude.stages.0.label>对交谈感到厌烦</GuestDismissiveAttitude.stages.0.label>
  <GuestDismissiveAttitude.stages.0.description>我暂时不想再聊天了。</GuestDismissiveAttitude.stages.0.description>


</LanguageData>