<?xml version="1.0" encoding="utf-8" ?>
<!--suppress ALL -->
<LanguageData>
	
	<MakeFriends.headerTip>Sympathiser (Pour avoir "Assez d'amis" dans la colonie)</MakeFriends.headerTip>
	<Entertain.headerTip>Accueillir (Pour avoir assez de points de "Bonne volonté" entre votre faction et celle du visiteur. Vous pouvez délibérément augmenter ce seuil en offrant des cadeaux)</Entertain.headerTip>
	<Hospitality.headerTip>Seuil d'hospitalité (Un seuil élevé rend le recrutement plus facile)</Hospitality.headerTip>
	<FriendsForRecruiting.headerTip>Ami(s) dans la colonie : Nombre d'amis nécessaire pour le recrutement. Une fois le seuil requis atteint, le recrutement pacifique est possible (au contraire d'un recrutement forcé) et le bouton "Recruter..." apparaît). Pour forcer le recrutement d'un invité, cliquez sur le bouton "...", pour voir les détails de l'invité.</FriendsForRecruiting.headerTip>

</LanguageData>
