<?xml version="1.0" encoding="utf-8" ?>
<!--suppress ALL -->
<LanguageData>
	
	<RecruitRelationshipDamage.label>Coût recrutement pacifique</RecruitRelationshipDamage.label>
	<RecruitRelationshipDamage.description>Coût de "Bonne volonté" pour recruter cette personne avec tous les pré-requis (Amis et appréciation de la colonie).</RecruitRelationshipDamage.description>
	
	<ForcedRecruitRelationshipDamage.label>Coût recrutement forcé</ForcedRecruitRelationshipDamage.label>
	<ForcedRecruitRelationshipDamage.description>Coût de "Bonne volonté" pour forcer le recrutement de cette personne sans remplir les pré-requis.</ForcedRecruitRelationshipDamage.description>
	
	<RecruitEffectivity.label>Facteur d'efficacité du recrutement</RecruitEffectivity.label>
	<RecruitEffectivity.description>Facteur(s) aidant(s) au recrutement.</RecruitEffectivity.description>

</LanguageData>
