﻿<?xml version="1.0" encoding="utf-8"?>
<ModMetaData>
	<name>CleaningArea</name>
	<author>Hatti</author>
	<url>https://ludeon.com/forums/index.php?topic=28678.msg289090#msg289090</url>
    <supportedVersions>
		<li>1.0</li>
		<li>1.1</li>
		<li>1.2</li>
		<li>1.3</li>
		<li>1.4</li>
	</supportedVersions>
	<packageId>hatti.cleaningarea</packageId>
	<description>In vanilla, the whole homearea will get cleaned up except if you restrict your pawn to a specific area.
With CleaningArea you are able to set a specific area that will get cleaned up.
This mod works with multiple colonies. You can set the cleaning area for each one.
Per default, the homearea is still used for cleaning.

This mod is save compatible. You can add it to a existing save.

How to?
If you are in game, take a look at the icon bar at the bottom right ( below the speed options ). You will notice a small brom there. If you click on it, it will open up the floating menu where you can set the area where your pawns will clean
	</description>
	<loadAfter>
    <li>brrainz.harmony</li>
	</loadAfter>
	<modDependencies>
	<li>
	  <packageId>brrainz.harmony</packageId>
	  <displayName>Harmony</displayName>
	  <steamWorkshopUrl>steam://url/CommunityFilePage/2009463077</steamWorkshopUrl>
	  <downloadUrl>https://github.com/pardeike/HarmonyRimWorld/releases/latest</downloadUrl>
	</li>
	</modDependencies>
</ModMetaData>