﻿<?xml version="1.0" encoding="utf-8"?>
<LanguageData>
  <!-- Recruiting -->
  <RecruitAngerMultiple>{1} {2}x 연속해서 {0} 화가 났습니다.</RecruitAngerMultiple>
  <RecruitAngerOther>{3}(은)는 {0}가 {1}를 권유하려는 시도에 화가 났습니다. (확률 {2})</RecruitAngerOther>
  <RecruitFactionAnger>{1}의 {0}는 당신의 {2} ({3}) 포섭에 화가 났습니다.</RecruitFactionAnger>
  <RecruitFactionAngerLeaderless>{0}의 멤버는 {1} ({2})의 포섭에 화가 났습니다.</RecruitFactionAngerLeaderless>
  <LostGroupFactionAnger>{1}의 멤버 {0}(은)는 이 위임({2})을 들어본적이 없습니다.</LostGroupFactionAnger>
  <LostGroupFactionAngerLeaderless>{0}의 멤버는 {1}의 포섭 시도에 화가 났습니다.</LostGroupFactionAngerLeaderless>
  <RecruitFactionPlease>{1}의 {0}는 당신이 {2}에게서 손을 떼서 기뻐합니다. ({3})</RecruitFactionPlease>
  <RecruitFactionPleaseLeaderless>{0}의 멤버가 당신이 {1}에게서 손을 떼서 기뻐합니다. ({2})</RecruitFactionPleaseLeaderless>
  <MessageGuestRecruitSuccess>{0}(은)는 기쁘게 귀하의 정착지에 가입하기로 결정했습니다! </MessageGuestRecruitSuccess>
  <LetterLabelRecruitFactionChiefAnger>대장이 화남</LetterLabelRecruitFactionChiefAnger>
  <LetterLabelRecruitFactionAnger>세력이 화남</LetterLabelRecruitFactionAnger>
  <LetterLabelRecruitFactionChiefPlease>대장이 기뻐함</LetterLabelRecruitFactionChiefPlease>
  <LetterLabelRecruitFactionPlease>세력이 기뻐함</LetterLabelRecruitFactionPlease>
  <TextMote_CharmFail>불쾌함</TextMote_CharmFail>
  <TextMote_CharmSuccess>설득됨</TextMote_CharmSuccess>
  <!-- Diplomacy -->
  <ImproveFactionPlease>{0}(은)는 {4}와 {1}의 관계를 {2}에서 개선시켰습니다. (확률 {3})</ImproveFactionPlease>
  <ImproveFactionAnger>{0}(은)는 {1}과의 관계를 {2}에서 악화시켰습니다. (확률 {3})</ImproveFactionAnger>
  <!-- Incident Results -->
  <VisitorsLeavingGreat>그들은 당신의 접대에 상당히 놀라워했습니다! (점수: {1}) </VisitorsLeavingGreat>
  <VisitorsLeavingGood>그들은 정말로 체류를 즐거워했습니다! (점수: {1})</VisitorsLeavingGood>
  <VisitorsLeavingNormal>체류가 나쁘지 않았습니다. (점수: {1})</VisitorsLeavingNormal>
  <VisitorsLeavingBad>그들은 더 많은 것을 기대했었습니다. (점수: {1})</VisitorsLeavingBad>
  <VisitorsLeavingAwful>그들은 이곳에서의 체제에 몹시 실망했습니다. (점수: {1})</VisitorsLeavingAwful>
  <VisitorSatisfied>{0}(은)는 숙박을 즐기고 {3}(을)를 남겼습니다.</VisitorSatisfied>
  <VisitorVerySatisfied>{0}(은)는 숙박을 정말로 즐기고 {3}(을)를 남겼습니다.</VisitorVerySatisfied>
  <MessageVisitorsLeavingCold>{0}의 방문객이 너무 추워서 이곳을 떠납니다.</MessageVisitorsLeavingCold>
  <VisitorsSentAway>그들을 보냈습니다.</VisitorsSentAway>
  <VisitorsReturnSoon>그들은 며칠 후에 다시 방문 할 것입니다.</VisitorsReturnSoon>
  <VisitorsReturnWhile>그들은 한참 후에 다시 방문 할 것입니다.</VisitorsReturnWhile>
  <VisitorsReturnNotSoon>그들은 한동안 돌아 오지 않을 것입니다.</VisitorsReturnNotSoon>
  <VisitorsReturnNot>그들은 이곳에 질렸습니다.</VisitorsReturnNot>
  <VisitorsArrivedTitle>{0}의 방문자가 도착했습니다.</VisitorsArrivedTitle>
  <VisitorsArrivedDesc>그들은 다음과 같은 이유로 귀하의 영토에 들어오는 것을 두려워합니다:\n{1}\n\n내보내면 그들은 남아있다 나중에 다시 올 것입니다. </VisitorsArrivedDesc>
  <VisitorsArrivedAccept>안전을 보장</VisitorsArrivedAccept>
  <VisitorsArrivedRefuse>보내기</VisitorsArrivedRefuse>
  <VisitorsArrivedRefuseUntilBeds>방문객 침대가 생길때까지 거절</VisitorsArrivedRefuseUntilBeds>
  <VisitorsArrivedReasonNoBeds>방문객 침대 없음</VisitorsArrivedReasonNoBeds>
  
  <!-- Tab -->
  <AreaToStay>숙박구역</AreaToStay>
  <AreaToBuy>쇼핑구역</AreaToBuy>
  <AreaNoShopping>쇼핑 없음</AreaNoShopping>
  <AreaToStayTooltip>이곳은 손님들이 자고 놀 수 있는 곳입니다.</AreaToStayTooltip>
  <AreaToBuyTooltip>이 구역에서 손님들은 물건을 살 수 있습니다. 숙박구역 안에 있어야만 합니다.</AreaToBuyTooltip>
  <ConvincingLeft>요구사항 확인</ConvincingLeft>
  <FriendsRequirement>포섭 가능한 정착민 친구: {0}/{1}</FriendsRequirement>
  <RecruitmentPenalty>포섭시 관계 손상</RecruitmentPenalty>
  <ImproveRelationship>접대하기</ImproveRelationship>
  <LeaveAlone>내버려두기</LeaveAlone>
  <FactionGoodwill>해당 세력과의 우호관계</FactionGoodwill>
  <Hospitality>접대</Hospitality>
  <MakeDefault>기본값으로 만들기</MakeDefault>
  <SendAway>보내기</SendAway>
  <SendAwayQuestion>{0}에서 온 방문객을 보내시겠습니까?\n등장하자마자 즉시 돌려보내는 경우 관계에는 영향을 미치지 않습니다.</SendAwayQuestion>
  <NotEnoughFriends>[PAWN_nameDef](은)는 정착민을 충분히 좋아하지 않습니다 (의견&gt;{0})</NotEnoughFriends>
  <CanNowBeRecruited>[PAWN_nameDef](을)를 포섭 할 수 있습니다.</CanNowBeRecruited>
  <IsATrader>[PAWN_nameDef](은)는 방문객이 아닌 무역 캐러밴의 일부입니다.</IsATrader>
  <!-- Infos -->
  <StatsReport_FinalAdjustment>조정</StatsReport_FinalAdjustment>
  <!-- Bed -->
  <ForGuestUse>방문객용</ForGuestUse>
  <GuestBedFormat>방문객 {0}</GuestBedFormat>
  <CommandBedSetAsGuestLabel>방문객용</CommandBedSetAsGuestLabel>
  <CommandBedSetAsGuestDesc>이 침대가 방문객용인지 여부를 결정합니다.</CommandBedSetAsGuestDesc>
  <!-- Options -->
  <DisableLimits>옵션 제한 비활성화</DisableLimits>
  <DisableLimitsDesc>이 옵션을 켜면 공정한 게임에 권장되는 설정 이상으로 설정을 조정할 수 있습니다.</DisableLimitsDesc>
  <DisableVisitors>방문객 없음</DisableVisitors>
  <DisableVisitorsDesc>방문객들을 싫어하면 왜 이 모드를 깔았는지 궁금하군요.</DisableVisitorsDesc>
  <DisableGuestsHelping>방문객 도움 비활성화</DisableGuestsHelping>
  <DisableGuestsHelpingDesc>이 옵션을 선택하면, 방문객들은 당신의 정착지에서 어떠한 일도 하지 않을 것입니다.</DisableGuestsHelpingDesc>
  <DisableArtAndCraft>방문객 예술 및 제작 도움 비활성화</DisableArtAndCraft>
  <DisableArtAndCraftDesc>이 옵션을 선택하면 방문객은 어떠한 예술 작업이나 제작 작업도 수행하지 않습니다.</DisableArtAndCraftDesc>
  <DisableGifts>방문객의 선물 두기 비활성화</DisableGifts>
  <DisableGiftsDesc>이 항목을 선택하면 방문객은 만족도가 높아도 절대 물품을 두고 가지 않습니다.</DisableGiftsDesc>
  <MinGuestWorkSkill>최소 작업 기술</MinGuestWorkSkill>
  <MinGuestWorkSkillDesc>도움을 받을 때 방문객이 작업을 수행하는 최소 기술. (권장: 7)</MinGuestWorkSkillDesc>
  <MaxGuestGroupSize>최대 방문객 그룹 크기</MaxGuestGroupSize>
  <MaxGuestGroupSizeDesc>방문객 그룹의 최대 크기입니다. (권장: 16)</MaxGuestGroupSizeDesc>
</LanguageData>