﻿<?xml version="1.0" encoding="utf-8"?>
<LanguageData>
  <Sentence_CharmAttemptAccepted.rulePack.rulesStrings.0>sent-&gt;[RECIPIENT_nameDef](은)는 기쁘게 [RECIPIENT_possessive] 박수를 보냄.</Sentence_CharmAttemptAccepted.rulePack.rulesStrings.0>
  <Sentence_CharmAttemptAccepted.rulePack.rulesStrings.1>sent-&gt;[RECIPIENT_nameDef](은)는 미소지음.</Sentence_CharmAttemptAccepted.rulePack.rulesStrings.1>
  <Sentence_CharmAttemptAccepted.rulePack.rulesStrings.2>sent-&gt;[RECIPIENT_nameDef](은)는 동의하며 끄덕임.</Sentence_CharmAttemptAccepted.rulePack.rulesStrings.2>
  <Sentence_CharmAttemptAccepted.rulePack.rulesStrings.3>sent-&gt;[RECIPIENT_nameDef](은)는 더 듣고 싶어 했음.</Sentence_CharmAttemptAccepted.rulePack.rulesStrings.3>
  <Sentence_CharmAttemptAccepted.rulePack.rulesStrings.4>sent-&gt;[RECIPIENT_nameDef](은)는 흥미로운 듯 보임.</Sentence_CharmAttemptAccepted.rulePack.rulesStrings.4>
  <Sentence_CharmAttemptAccepted.rulePack.rulesStrings.5>sent-&gt;[RECIPIENT_nameDef](은)는 우쭐해 보임.</Sentence_CharmAttemptAccepted.rulePack.rulesStrings.5>
  <Sentence_CharmAttemptAccepted.rulePack.rulesStrings.6>sent-&gt;[RECIPIENT_nameDef](은)는 놀라워하며 [INITIATOR_nameDef](을)를 응시함.</Sentence_CharmAttemptAccepted.rulePack.rulesStrings.6>
  <Sentence_CharmAttemptRejected.rulePack.rulesStrings.0>sent-&gt;[RECIPIENT_nameDef](은)는 짜증이 남.</Sentence_CharmAttemptRejected.rulePack.rulesStrings.0>
  <Sentence_CharmAttemptRejected.rulePack.rulesStrings.1>sent-&gt;[RECIPIENT_nameDef](은)는 짜증에 머리를 저음.</Sentence_CharmAttemptRejected.rulePack.rulesStrings.1>
  <Sentence_CharmAttemptRejected.rulePack.rulesStrings.2>sent-&gt;[RECIPIENT_nameDef](은)는 관심이 없음.</Sentence_CharmAttemptRejected.rulePack.rulesStrings.2>
  <Sentence_CharmAttemptRejected.rulePack.rulesStrings.3>sent-&gt;[RECIPIENT_nameDef](은)는 관심이 없고, 그만하라고 얘기함.</Sentence_CharmAttemptRejected.rulePack.rulesStrings.3>
  <Sentence_CharmAttemptRejected.rulePack.rulesStrings.4>sent-&gt;[RECIPIENT_nameDef](은)는 관심이 없고, 그냥 방을 둘러보고 있다고 함.</Sentence_CharmAttemptRejected.rulePack.rulesStrings.4>
  <Sentence_CharmAttemptRejected.rulePack.rulesStrings.5>sent-&gt;[RECIPIENT_nameDef](은)는 관심이 없고, 곧 떠날 것이라고 언급함.</Sentence_CharmAttemptRejected.rulePack.rulesStrings.5>
  <Sentence_CharmAttemptRejected.rulePack.rulesStrings.6>sent-&gt;[RECIPIENT_nameDef](은)는 관심 없는 듯 [RECIPIENT_possessive] 눈을 돌림.</Sentence_CharmAttemptRejected.rulePack.rulesStrings.6>
</LanguageData>