﻿<?xml version="1.0" encoding="utf-8"?>
<LanguageData>

  <!-- Limbs -->

  <ProstheticTail.label>假尾巴</ProstheticTail.label>

  <SimpleProstheticLegAnimal.label>简易动物假腿</SimpleProstheticLegAnimal.label>
  <SimpleProstheticLegAnimal.comps.0.tools.0.label>动物假腿</SimpleProstheticLegAnimal.comps.0.tools.0.label>

  <BionicLegAnimal.label>仿生动物腿</BionicLegAnimal.label>
  <BionicLegAnimal.comps.0.tools.0.label>仿生动物腿</BionicLegAnimal.comps.0.tools.0.label>

  <SimpleProstheticArmAnimal.label>简易动物假臂</SimpleProstheticArmAnimal.label>
  <SimpleProstheticArmAnimal.comps.0.tools.0.label>动物假臂</SimpleProstheticArmAnimal.comps.0.tools.0.label>

  <BionicArmAnimal.label>仿生动物臂</BionicArmAnimal.label>
  <BionicArmAnimal.comps.0.tools.0.label>仿生动物臂</BionicArmAnimal.comps.0.tools.0.label>


  <!-- Other Parts -->

  <NoseAnimalSimple.label>简易动物鼻</NoseAnimalSimple.label>
  <BionicEyeAnimal.label>仿生动物眼</BionicEyeAnimal.label>
  <EarAnimalSimple.label>简易动物耳</EarAnimalSimple.label>
  <EarAnimalBionic.label>仿生动物耳</EarAnimalBionic.label>
  <JawAnimalSimple.label>简易动物下颚</JawAnimalSimple.label>

  <JawAnimalBionic.label>仿生动物下颚</JawAnimalBionic.label>
  <JawAnimalBionic.comps.0.tools.0.label>仿生动物下颚</JawAnimalBionic.comps.0.tools.0.label>

  <SpineAnimalSimple.label>简易动物脊椎</SpineAnimalSimple.label>
  <SpineAnimalBionic.label>仿生动物脊椎</SpineAnimalBionic.label>


  <!-- Organs -->

  <AnimalBrainStimulator.label>仿生动物大脑刺激器</AnimalBrainStimulator.label>
  <BionicAnimalHeart.label>仿生动物心脏</BionicAnimalHeart.label>
  <BionicAnimalLung.label>仿生动物肺</BionicAnimalLung.label>
  <BionicAnimalLiver.label>仿生动物肝</BionicAnimalLiver.label>
  <BionicAnimalKidney.label>仿生动物肾</BionicAnimalKidney.label>
  <BionicAnimalStomach.label>仿生动物胃</BionicAnimalStomach.label>


</LanguageData>
