﻿<?xml version="1.0" encoding="utf-8"?>
<LanguageData>

  <!-- Simple Animal Prosthetics -->

  <SimpleAnimalProsthetics.label>简易动物假体</SimpleAnimalProsthetics.label>
  <SimpleAnimalProsthetics.description>学习如何制作和使用动物假体</SimpleAnimalProsthetics.description>


  <!-- Animal Bionics -->

  <AnimalBionics.label>动物仿生学</AnimalBionics.label>
  <AnimalBionics.description>学习如何制作和使用动物仿生假体</AnimalBionics.description>


  <!-- Animal Heal -->

  <AnimalHeal.label>动物治疗</AnimalHeal.label>
  <AnimalHeal.description>学习如何治疗动物的旧伤</AnimalHeal.description>


</LanguageData>
