﻿<?xml version="1.0" encoding="utf-8"?>
<LanguageData>

  <GuestDiplomacy.label>提升关系</GuestDiplomacy.label>
  <GuestDiplomacy.logRulesInitiator.rulesStrings.0>logentry->与[other_nameShortIndef]进行了愉快的交流。</GuestDiplomacy.logRulesInitiator.rulesStrings.0>
  <GuestDiplomacy.logRulesRecipient.rulesStrings.0>logentry->倾听了[other_nameShortIndef]的有趣谈话。</GuestDiplomacy.logRulesRecipient.rulesStrings.0>

  <CharmGuestAttempt.label>说服尝试</CharmGuestAttempt.label>
  <CharmGuestAttempt.logRulesInitiator.rulesStrings.0>logentry->尝试说服[other_nameShortIndef]留下来。</CharmGuestAttempt.logRulesInitiator.rulesStrings.0>
  <CharmGuestAttempt.logRulesRecipient.rulesStrings.0>logentry->倾听了[other_nameShortIndef]的招募说法。</CharmGuestAttempt.logRulesRecipient.rulesStrings.0>


</LanguageData>