<?xml version="1.0" encoding="utf-8" ?>
<!--suppress ALL -->
<LanguageData>
	
	<CharmGuest.reportString>Parle avec TargetA.</CharmGuest.reportString>
	<GuestImproveRelationship.reportString>Essaye d'arrondir les angles avec la faction de TargetA.</GuestImproveRelationship.reportString>
	<BuyItem.reportString>S'enquiert de TargetA.</BuyItem.reportString>
	<BrowseItems.reportString>Chine les marchandises à vendre.</BrowseItems.reportString>
	<ClaimGuestBed.reportString>Choisit un lit.</ClaimGuestBed.reportString>

</LanguageData>
