﻿<?xml version="1.0" encoding="utf-8"?>
<LanguageData>

  <!-- Concepts taught through the learning readout, when opportunities arise -->

  <GuestBeds.label>访客用床</GuestBeds.label>
  <GuestBeds.helpText>访客更愿意睡在床上。\n\n你可以为他们建造特定的访客用床。</GuestBeds.helpText>

  <RecruitGuest.label>正在招募访客</RecruitGuest.label>
  <RecruitGuest.helpText>你可以招募访客。\n\n招募一名访客将会破坏你与其所属势力的友谊。确保你有一名高社交技能的殖民者被指派了交涉任务。</RecruitGuest.helpText>


</LanguageData>