﻿<?xml version="1.0" encoding="utf-8"?>
<LanguageData>

  <GuestBedCount.stages.0.label>sem camas de hóspedes</GuestBedCount.stages.0.label>
  <GuestBedCount.stages.0.description>Eles nem têm camas aqui.</GuestBedCount.stages.0.description>
  <GuestBedCount.stages.1.label>camas de hóspedes insuficientes</GuestBedCount.stages.1.label>
  <GuestBedCount.stages.1.description>Deve haver mais camas para os hóspedes.</GuestBedCount.stages.1.description>
  <GuestBedCount.stages.2.label>camas suficientes</GuestBedCount.stages.2.label>
  <GuestBedCount.stages.2.description>Há camas suficientes no nosso quarto para todos nós.</GuestBedCount.stages.2.description>
  <GuestBedCount.stages.3.label>muitas camas</GuestBedCount.stages.3.label>
  <GuestBedCount.stages.3.description>Uau, tantas camas!</GuestBedCount.stages.3.description>


</LanguageData>