﻿<?xml version="1.0" encoding="utf-8"?>
<LanguageData>

  <GuestAngered.stages.0.label>irritado por ver recrutamento</GuestAngered.stages.0.label>
  <GuestAngered.stages.0.labelSocial>me enfureceu recrutando</GuestAngered.stages.0.labelSocial>
  <GuestAngered.stages.0.description>Esses caras estão tentando roubar nossos membros!</GuestAngered.stages.0.description>

  <GuestOffendedRelationship.stages.0.label>insultado pelo colono</GuestOffendedRelationship.stages.0.label>
  <GuestOffendedRelationship.stages.0.labelSocial>me insultou</GuestOffendedRelationship.stages.0.labelSocial>
  <GuestOffendedRelationship.stages.0.description>Esses caras são perdedores!</GuestOffendedRelationship.stages.0.description>

  <GuestPleasedRelationship.stages.0.label>encantado pelo colono</GuestPleasedRelationship.stages.0.label>
  <GuestPleasedRelationship.stages.0.labelSocial>me encantou</GuestPleasedRelationship.stages.0.labelSocial>
  <GuestPleasedRelationship.stages.0.description>Essas pessoas legais!</GuestPleasedRelationship.stages.0.description>

  <EndorsedByRecruiter.stages.0.label>endossado pelo recrutador</EndorsedByRecruiter.stages.0.label>
  <EndorsedByRecruiter.stages.0.labelSocial>foi endossado para mim</EndorsedByRecruiter.stages.0.labelSocial>
  <EndorsedByRecruiter.stages.0.description>Essa pessoa foi recomendada para mim.</EndorsedByRecruiter.stages.0.description>

  <GuestDismissiveAttitude.stages.0.label>cansado de falar</GuestDismissiveAttitude.stages.0.label>
  <GuestDismissiveAttitude.stages.0.description>Eu sou farto de falar por agora.</GuestDismissiveAttitude.stages.0.description>


</LanguageData>