﻿<?xml version="1.0" encoding="utf-8" ?>
<!--suppress ALL -->
<LanguageData>
	
	<GuestDiplomacy.label>улучшить отношения</GuestDiplomacy.label>
	<rep>
		<path>GuestDiplomacy.logRulesInitiator.rulesStrings[0]</path>
		<trans>logentry->Дипломатические переговоры с [other_nameShortIndef].</trans>
	</rep>
	<rep>
		<path>GuestDiplomacy.logRulesRecipient.rulesStrings[0]</path>
		<trans>logentry->Дипломатический разговор c [other_nameShortIndef].</trans>
	</rep>

	<CharmGuestAttempt.label>попытка очаровать</CharmGuestAttempt.label>
	<rep>
		<path>CharmGuestAttempt.logRulesInitiator.rulesStrings[0]</path>
		<trans>logentry->Попытался очаровать [other_nameShortIndef] чтобы остаться.</trans>
	</rep>
	<rep>
		<path>CharmGuestAttempt.logRulesRecipient.rulesStrings[0]</path>
		<trans>logentry->Получил предложение присоединиться к колонии от [other_nameShortIndef].</trans>
	</rep>


</LanguageData>
