﻿<?xml version="1.0" encoding="utf-8"?>
<LanguageData>

  <Sentence_CharmAttemptAccepted.rulePack.rulesStrings.0>sent->[RECIPIENT_nameDef] aplaudindo [RECIPIENT_possessive] animadamente..</Sentence_CharmAttemptAccepted.rulePack.rulesStrings.0>
  <Sentence_CharmAttemptAccepted.rulePack.rulesStrings.1>sent->[RECIPIENT_nameDef] sorriu.</Sentence_CharmAttemptAccepted.rulePack.rulesStrings.1>
  <Sentence_CharmAttemptAccepted.rulePack.rulesStrings.2>sent->[RECIPIENT_nameDef] concordou com a cabeça..</Sentence_CharmAttemptAccepted.rulePack.rulesStrings.2>
  <Sentence_CharmAttemptAccepted.rulePack.rulesStrings.3>sent->[RECIPIENT_nameDef] estava ansioso para ouvir mais.</Sentence_CharmAttemptAccepted.rulePack.rulesStrings.3>
  <Sentence_CharmAttemptAccepted.rulePack.rulesStrings.4>sent->[RECIPIENT_nameDef] parecia animado.</Sentence_CharmAttemptAccepted.rulePack.rulesStrings.4>
  <Sentence_CharmAttemptAccepted.rulePack.rulesStrings.5>sent->[RECIPIENT_nameDef] Parecia lisonjeado.</Sentence_CharmAttemptAccepted.rulePack.rulesStrings.5>
  <Sentence_CharmAttemptAccepted.rulePack.rulesStrings.6>sent->[RECIPIENT_nameDef] olhou para [INITIATOR_nameDef] em espanto.</Sentence_CharmAttemptAccepted.rulePack.rulesStrings.6>

  <Sentence_CharmAttemptRejected.rulePack.rulesStrings.0>sent->[RECIPIENT_nameDef] estava ficando irritado.</Sentence_CharmAttemptRejected.rulePack.rulesStrings.0>
  <Sentence_CharmAttemptRejected.rulePack.rulesStrings.1>sent->[RECIPIENT_nameDef] balançou desaprovadamente [RECIPIENT_possessive] a cabeça.</Sentence_CharmAttemptRejected.rulePack.rulesStrings.1>
  <Sentence_CharmAttemptRejected.rulePack.rulesStrings.2>sent->[RECIPIENT_nameDef] não poderia me importar menos.</Sentence_CharmAttemptRejected.rulePack.rulesStrings.2>
  <Sentence_CharmAttemptRejected.rulePack.rulesStrings.3>sent->[RECIPIENT_nameDef] já teve o suficiente disso.</Sentence_CharmAttemptRejected.rulePack.rulesStrings.3>
  <Sentence_CharmAttemptRejected.rulePack.rulesStrings.4>sent->[RECIPIENT_nameDef] olhou ao redor do quarto em tédio.</Sentence_CharmAttemptRejected.rulePack.rulesStrings.4>
  <Sentence_CharmAttemptRejected.rulePack.rulesStrings.5>sent->[RECIPIENT_nameDef] mencionado saindo em breve.</Sentence_CharmAttemptRejected.rulePack.rulesStrings.5>
  <Sentence_CharmAttemptRejected.rulePack.rulesStrings.6>sent->[RECIPIENT_nameDef] virou [RECIPIENT_possessive] o olho.</Sentence_CharmAttemptRejected.rulePack.rulesStrings.6>


</LanguageData>