﻿<?xml version="1.0" encoding="utf-8" ?>
<!--suppress ALL -->
<LanguageData>
	
	<Diplomat.labelShort>Дипломат</Diplomat.labelShort>
	<Diplomat.pawnLabel>Дипломат</Diplomat.pawnLabel>
	<Diplomat.gerundLabel>Ведение переговоров</Diplomat.gerundLabel>
	<Diplomat.description>Дипломаты развлекают гостей и вербуют новых колонистов.</Diplomat.description>
	<Diplomat.verb>Общаться</Diplomat.verb>

</LanguageData>
