﻿<?xml version="1.0" encoding="utf-8" ?>
<LanguageData>

  <!-- Recruiting -->
  <RecruitAngerMultiple>{0} trastornado {1} {2}x en una fila.</RecruitAngerMultiple>
  <RecruitAngerOther>{3} notado {0} tratan de reclutar {1} y se ofendió ({2} oportunidad).</RecruitAngerOther>
  <RecruitFactionAnger>{0} de {1} está molesto con usted por reclutar {2} ({3}).</RecruitFactionAnger>
  <RecruitFactionAngerLeaderless>Los miembros de {0} están molestos con usted por reclutar {1} ({2}).</RecruitFactionAngerLeaderless>
  <RecruitFactionPlease>{0} de {1} se alegra que hayas tomado {2} se sus manos ({3}).</RecruitFactionPlease>
  <RecruitFactionPleaseLeaderless>Los miembros de {0} me alegra que hayas tomado {1} de sus manos ({2}).</RecruitFactionPleaseLeaderless>
  <MessageGuestRecruitSuccess>{0} felizmente decidido a unirse a su colonia!</MessageGuestRecruitSuccess>
  <LetterLabelRecruitFactionChiefAnger>Jefe enojado</LetterLabelRecruitFactionChiefAnger>
  <LetterLabelRecruitFactionAnger>Faccion enojado</LetterLabelRecruitFactionAnger>
  <LetterLabelRecruitFactionChiefPlease>Jefe complacido</LetterLabelRecruitFactionChiefPlease>
  <LetterLabelRecruitFactionPlease>Faccion complacido</LetterLabelRecruitFactionPlease>
  
  <TextMote_CharmFail>Ofendido</TextMote_CharmFail>
  <TextMote_CharmSuccess>Encantado</TextMote_CharmSuccess>
  
  <!-- Diplomacy --> 
  <ImproveFactionPlease>{0} mejorar la relación entre {4} y {1} de {2} ({3} oportunidad).</ImproveFactionPlease>
  <ImproveFactionAnger>{0} empeoró la relación con {1} de {2} ({3} oportunidad).</ImproveFactionAnger>
  
  <!-- Incident Results -->
  <VisitorsLeavingGreat>Ellos estan absolutamente sorprendido por su hospitalidad! (Score: {1})</VisitorsLeavingGreat>
  <VisitorsLeavingGood>Realmente disfrutaron de su estancia! (Score: {1})</VisitorsLeavingGood>
  <VisitorsLeavingNormal>Su estancia estuvo bien. (Score: {1})</VisitorsLeavingNormal>
  <VisitorsLeavingBad>Esperaban más de ti. (Score: {1})</VisitorsLeavingBad>
  <VisitorsLeavingAwful>Estan muy decepcionados por su estancia. (Score: {1})</VisitorsLeavingAwful>
  <VisitorSatisfied>{0} disfrutado {1} permanecer. {2} dejarte {3}.</VisitorSatisfied>
  <VisitorVerySatisfied>{0} absolutamente disfrutado {1} permanecer. {2} dejarte {3}.</VisitorVerySatisfied>
  <MessageVisitorsLeavingCold>Los visitantes de {0} Están saliendo de nuevo porque hace demasiado frío.</MessageVisitorsLeavingCold>
  <VisitorsSentAway>You have sent them away.</VisitorsSentAway>
  
  <MessageMissingPawnFactionAnger>Un miembro de la facción {0} ha desaparecido en su territorio! ({2})</MessageMissingPawnFactionAnger>
  <MessageMissingPawnsFactionAnger>{1} miembros de la facción {0} han desaparecido en su territorio! ({2})</MessageMissingPawnsFactionAnger>
  <MessageKilledPawnFactionAnger>Faccion {0} ha oído hablar de lo que le sucedió a {1} y te culpan por ello. ({2})</MessageKilledPawnFactionAnger>
  <LetterLabelMissingPawnsFactionAnger>Jefe enojado</LetterLabelMissingPawnsFactionAnger>
  
  <VisitorsReturnSoon>Volverán a visitar en unos pocos días.</VisitorsReturnSoon>
  <VisitorsReturnWhile>Volverán a visitar de nuevo en un tiempo.</VisitorsReturnWhile>
  <VisitorsReturnNotSoon>No volverán pronto.</VisitorsReturnNotSoon>
  <VisitorsReturnNot>Ya han tenido suficiente de ti.</VisitorsReturnNot>


  <!-- Tab -->
  <ConvincingLeft>Convincente requerido</ConvincingLeft>
  <FriendsRequirement>Suficientes amigos para reclutar: {0}/{1}</FriendsRequirement>
  <RecruitmentPenalty>Daño de la relación cuando se recluta</RecruitmentPenalty>
  <ImproveRelationship>Tratar de entretener</ImproveRelationship>
  <LeaveAlone>Dejar solo</LeaveAlone>
  <MayBuy>Permitir la compra de artículos en la zona</MayBuy>
  <FactionGoodwill>Buena voluntad de la facción</FactionGoodwill>
  <Hospitality>Hospitalidad</Hospitality>
  <MakeDefault>Hacer por defecto</MakeDefault>
  <SendAway>Echar</SendAway>
  <SendAwayQuestion>¿Seguro que quieres enviar a los visitantes de {0} lejos?</SendAwayQuestion>
  <NotEnoughFriends>NAME no le gusta lo suficiente a sus colonos (opinion > {0}).</NotEnoughFriends>
  <CanNowBeRecruited>NAME ahora pueden ser reclutados.</CanNowBeRecruited>
  <IsATrader>NAME Es parte de una caravana comercial y no un huésped.</IsATrader>

  <!-- Infos -->
  <StatsReport_FinalAdjustment>Ajuste</StatsReport_FinalAdjustment>
  
  <!-- Bed -->
  <ForGuestUse>Para uso de los huéspedes</ForGuestUse>
  
  <!-- Rescue -->
  <RescuedInitial>El {0} llamado NAME que usted rescató está muy agradecido por su rescate y le gustaría permanecer en su colonia.\n\nSus rasgos son: {1}.</RescuedInitial>
  <RescuedInitial_Accept>Accept HIM</RescuedInitial_Accept>
  <RescuedInitial_Reject>Reject HIS request</RescuedInitial_Reject>
  
  <!-- Wanderer -->
  <WandererInitial>NAME de {0} Estaba deambulando cerca y noté que podrías usar algo de ayuda. HECAP quiere unirse a su colonia por un tiempo.\n\nHECAP es un {1} Y sus rasgos son {2}.</WandererInitial>

</LanguageData>