﻿<?xml version="1.0" encoding="utf-8"?>
<LanguageData>
  <!--[Core] <LowExpectations.stages.0.label>보통의 기대감</LowExpectations.stages.0.label>-->
  <!--[Core] <LowExpectations.stages.0.description>우리 생활이 풍족한 편은 아니야. 나 좋을 대로 할 수는 없겠지.</LowExpectations.stages.0.description>-->
  <!--[Core] <LowExpectations.stages.1.label>낮은 기대감</LowExpectations.stages.1.label>-->
  <!--[Core] <LowExpectations.stages.1.description>사치를 부릴 만큼의 재산이 없어. 마음을 단단히 먹는게 좋겠어.</LowExpectations.stages.1.description>-->
  <!--[Core] <LowExpectations.stages.2.label>아주 낮은 기대감</LowExpectations.stages.2.label>-->
  <!--[Core] <LowExpectations.stages.2.description>우리 생활은 완전 가난 그 자체야. 마음을 단단히 먹는게 좋겠어.</LowExpectations.stages.2.description>-->
  <!--[Core] <LowExpectations.stages.3.label>매우 낮은 기대감</LowExpectations.stages.3.label>-->
  <!--[Core] <LowExpectations.stages.3.description>내 몸 하나 지키기도 어려운 상황이야. 마음을 단단히 먹는게 좋겠어.</LowExpectations.stages.3.description>-->
  <GuestBedCount.stages.0.label>방문객 침대 없음</GuestBedCount.stages.0.label>
  <GuestBedCount.stages.0.description>여기는 침대조차 없네.</GuestBedCount.stages.0.description>
  <GuestBedCount.stages.1.label>방문객 침대 부족</GuestBedCount.stages.1.label>
  <GuestBedCount.stages.1.description>이 방에는 좀 더 침대가 있어야 해.</GuestBedCount.stages.1.description>
  <GuestBedCount.stages.2.label>충분한 침대</GuestBedCount.stages.2.label>
  <GuestBedCount.stages.2.description>이 방에는 우리 모두가 지낼 충분한 침대가 있어.</GuestBedCount.stages.2.description>
  <GuestBedCount.stages.3.label>침대가 많음</GuestBedCount.stages.3.label>
  <GuestBedCount.stages.3.description>와우, 침대가 엄청 많네.</GuestBedCount.stages.3.description>
</LanguageData>