﻿<?xml version="1.0" encoding="utf-8"?>
<LanguageData>

  <!-- Concepts taught through the learning readout, when opportunities arise -->

  <GuestBeds.label>Guest beds</GuestBeds.label>
  <GuestBeds.helpText>Visitors prefer to sleep in beds.\n\nYou can convert beds to guest beds using the "For guests" button.</GuestBeds.helpText>

  <RecruitGuest.label>Recruiting guests</RecruitGuest.label>
  <RecruitGuest.helpText>You can recruit guests.\n\nRecruiting a guest will cost you goodwill with the guest's faction. Make sure you have a colonist with good social skills assigned for negotiation.</RecruitGuest.helpText>

  <GuestWork.label>Guests help out</GuestWork.label>
  <GuestWork.helpText>Happy guests will help with work inside of their area if they are skilled enough. You can disable this or raise the required skill in the mod options.</GuestWork.helpText>


</LanguageData>