﻿<?xml version="1.0" encoding="utf-8"?>
<LanguageData>

  <!-- Power -->

  <SK_Power.label>전기</SK_Power.label>
  <SK_Power.description>이 거친 행성에서 살아남기 위해 거주민들의 생존을 돕는 전기 발전의 기본 원리를 배웁니다. 이것으로 전선과 스위치를 건설할 수 있습니다.</SK_Power.description>


  <!-- PowerConduit -->

  <SK_RenewableI.label>친환경 발전 I</SK_RenewableI.label>
  <SK_RenewableI.description>행성의 자연을 이용한 발전의 기초적인 발전방법을 연구합니다. 바람을 이용한 풍력발전기를 건설할 수 있습니다.</SK_RenewableI.description>


  <!-- WindTurbine -->

  <!--[Core] <SolarPanels.label>solar panels</SolarPanels.label>-->
  <!--[Core] <SolarPanels.description>Build solar panels for electrical generation.</SolarPanels.description>-->


  <!-- SolarGenerator -->

  <!--[Core] <GeothermalPower.label>geothermal power</GeothermalPower.label>-->
  <!--[Core] <GeothermalPower.description>Allows you to build geothermal power plants on top of steam geysers, for uninterrupted power.</GeothermalPower.description>-->


  <!-- GeothermalGenerator -->

  <SK_RenewableIV.label>친환경 발전 IV</SK_RenewableIV.label>
  <SK_RenewableIV.description>더욱 효율이 좋은 풍력발전기와 태양광 발전기를 건설할 수 있습니다.</SK_RenewableIV.description>


  <!-- Adv SolarGenerator
								Adv WindTurbine -->

  <SK_RenewableV.label>친환경 발전 V</SK_RenewableV.label>
  <SK_RenewableV.description>친환경 에너지를 이용하는 기술을 발전시킵니다. 가우스풍력발전기(Gause win turbine)와 열전기 발전기(Thermo전자 generator)를 건설할 수 있습니다. 가우스풍력발전기는 수직으로 작동하는 풍력발전기입니다.</SK_RenewableV.description>


  <!-- GauseWindTurbine
										ThermoelectricGenerator -->

  <SK_ConvectionalI.label>재래식 발전 I</SK_ConvectionalI.label>
  <SK_ConvectionalI.description>행성의 자원을 이용한 기본적인 재래식 발전기술을 연구합니다. 증기발전기를 건설할 수 있습니다.</SK_ConvectionalI.description>


  <!-- SteamGenerator -->

  <SK_ConvectionalII.label>재래식 발전 II</SK_ConvectionalII.label>
  <SK_ConvectionalII.description>석탄을 이용한 화력발전기를 건설하는 연구입니다.</SK_ConvectionalII.description>


  <!-- CoalPowerPlant -->

  <SK_ConvectionalIII.label>재래식 발전 III</SK_ConvectionalIII.label>
  <SK_ConvectionalIII.description>정제된 석유를 이용해 발전하는 중유 발전기(Fuel power plant)를 건설하는 연구입니다.</SK_ConvectionalIII.description>


  <!-- FuelPowerPlant
						FueledGenerator -->

  <SK_PlasmaI.label>플라즈마 발전 I</SK_PlasmaI.label>
  <SK_PlasmaI.description>플라즈마를 이용해 전기를 생산하는 고급 기술을 연구합니다. 테슬라 라이트닝 발전기(Tesla lightning generator)를 건설할 수 있습니다.</SK_PlasmaI.description>


  <!-- TeslaLigthningPower -->

  <SK_PlasmaII.label>플라즈마 발전 II</SK_PlasmaII.label>
  <SK_PlasmaII.description>전자기학의 비밀을 연구하여 환경친화적인 플라즈마생성기(Plasma generator)와 반응기(Plasma reactor)를 만들수 있습니다. 약간의 제약과 원료가 필요합니다.</SK_PlasmaII.description>


  <!-- PlasmaGen
								PlasmaGeothermalPlant -->

  <SK_PlasmaIII.label>플라즈마 발전 III</SK_PlasmaIII.label>
  <SK_PlasmaIII.description>동적 전자기물질을 재료로 사용하는 플라즈마 발전 기술의 마지막 단계 건물을 지을 수 있게 됩니다. 이로서 번화계에서 존재하는 모든 발전 기술을 배우게 됩니다.</SK_PlasmaIII.description>


  <!-- XenonIonTurbine -->

  <!--[Core] <AirConditioning.label>air conditioning</AirConditioning.label>-->
  <!--[Core] <AirConditioning.description>Build air conditions to cool rooms in the heat, or to keep freezers.</AirConditioning.description>-->


  <!-- PowerSwitch
		StandingLamp
		FloorAddonA
		Cooler
		Heater
		Vent
		RH_SmallCooler
		Heater from RH -->

  <!--[Core] <Autodoors.label>autodoors</Autodoors.label>-->
  <!--[Core] <Autodoors.description>Build autodoors which open to permit movement without slowing anyone down.</Autodoors.description>-->


  <!-- Autodoor
						CellDoor
						ClutterFloorLampA
						CeilingLamp
						FloorLightSquare
						ClutterLampYellow -->

  <!--[Core] <ColoredLights.label>colored lights</ColoredLights.label>-->
  <!--[Core] <ColoredLights.description>Allows colonists to construct colored lights for decorative purposes.</ColoredLights.description>-->

  <LEDTechnologyScience.label>LED 기술</LEDTechnologyScience.label>
  <LEDTechnologyScience.description>더욱 효율적인 조명 기술을 연구합니다.</LEDTechnologyScience.description>

  <!--[Core] <Batteries.label>batteries</Batteries.label>-->
  <!--[Core] <Batteries.description>Build batteries for storing electricity.</Batteries.description>-->


  <!-- HiTechResearchBench
						EHeatedFloor
						WallLamp
						RopeLight
						Lighting_WallLight
						HiTechResearchBench
						HeavyPowerConduit
						RH_MediumHeater
						Cooler from RH
						PowerConduitInvisible -->

  <SK_InfrastructureIV.label>기반시설 IV</SK_InfrastructureIV.label>
  <SK_InfrastructureIV.description>기반시설들에 대한 연구를 합니다. 지열난방기(Geothermal heater)와 핵분열 베터리(Fission battery)를 건설할 수 있게 됩니다.</SK_InfrastructureIV.description>


  <!-- FissionBattery
								GH
								RedistHeat_IndustrialCooler
								RedistHeat_IndustrialHeater -->

  <SK_NuclearI.label>원자력 발전 I</SK_NuclearI.label>
  <SK_NuclearI.description>가스 원심분리기를 건설하는 고급 지식에 대해 연구합니다. 이것으로 자연상태의 우라늄을 정제할 수 있습니다.</SK_NuclearI.description>


  <!-- GC
		CentrifugeFeeder -->

  <SK_NuclearII.label>원자력 발전 II</SK_NuclearII.label>
  <SK_NuclearII.description>열병합발전기는 매우 훌륭하지만 간헐천이 없다면? 원자력발전소는 이런 문제를 깔끔하게 해결해줍니다.</SK_NuclearII.description>


  <!--<SolarPanels.label>친환경 발전 II</SolarPanels.label>-->
  <!--<SolarPanels.description>발전기술을 연구해 태양으로부터 수집한 빛 에너지를 전기로 바꿔주는 태양광 발전기를 건설하는 방법을 배웁니다.</SolarPanels.description>-->
  <!--<GeothermalPower.label>친환경 발전 III</GeothermalPower.label>-->
  <!--<GeothermalPower.description>햇볕을 기대할 수 없다면 이것을 연구해 보세요. 간헐천의 지열을 이용한 발전기를 건설하면 어둠도 문제가 없습니다.</GeothermalPower.description>-->
  <!-- 석탄PowerPlant -->
  <!--<AirConditioning.label>기반시설 I</AirConditioning.label>-->
  <!--<AirConditioning.description>기반시설들에 대한 연구를 합니다. 연구가 완료되면 몇 가지 기반시설을 건설할 수 있게되고 베터리의 효율이 15% 증가합니다.</AirConditioning.description>-->
  <!-- PowerSwitch
		StandingLamp
		FloorAddonA
		cooler
		Heater
		Vent
		RH_Smallcooler
		Heater from RH -->
  <!--<Autodoors.label>기반시설 II</Autodoors.label>-->
  <!--<Autodoors.description>기반시설들에 대한 두번째 연구를 합니다. 연구가 완료되면 몇 가지 기반시설을 건설할 수 있게되고 베터리의 효율이 15% 증가합니다.</Autodoors.description>-->
  <!--<ColoredLights.label>칼라 조명</ColoredLights.label>-->
  <!--<ColoredLights.description>조명에 색깔을 넣는 연구를 통해 거주지를 장식할 수 있게 됩니다.</ColoredLights.description>-->
  <!--<Batteries.label>기반시설 III</Batteries.label>-->
  <!--<Batteries.description>기반시설들에 대한 세번째 연구를 합니다. 연구가 완료되면 몇 가지 기반시설을 건설할 수 있게되고 베터리의 효율이 15% 증가합니다.</Batteries.description>-->
  <!-- HiTechResearchBench
						EHeatedFloor
						WallLamp
						RopeLight
						Lighting_WallLight
						HiTechResearchBench
						HeavyPowerConduit
						RH_MediumHeater
						cooler from RH
						PowerConduitInvisible -->
  <!-- FissionBattery
								GH
								RedistHeat_Industrialcooler
								RedistHeat_IndustrialHeater -->

</LanguageData>