﻿<?xml version="1.0" encoding="utf-8"?>
<LanguageData>

  <!-- Technology -->

  <SK_Technology.label>기술</SK_Technology.label>
  <SK_Technology.description>이 험난한 행성에서 생존을 위한 기본적인 요소를 배웁니다. 그릴, 스토브, 침대를 제작 가능합다.</SK_Technology.description>


  <!-- TableGrill
			FueledStove
			Bed
			DoubleBed -->

  <!--[Core] <Electricity.label>electricity</Electricity.label>-->
  <!--[Core] <Electricity.description>Generate and use electricity for cooking and other simple tasks.</Electricity.description>-->

  <SK_ProductionI.label>생산 I</SK_ProductionI.label>
  <SK_ProductionI.description>몇 가지 유용한 장비를 생산하는법을 배웁니다. 또한 거주민들은 대마와 연초를 이용하는 법을 이해하여 담배를 제작하고 몇가지 약물을 제작할 수 있습니다.
				\n\n 또한 사탕 제작대를 사용해 달콤한 것들을 만들고 탄약 작업대를 통해 총과 터렛을 위한 몇가지 탄약을 제작할 수 있습니다.</SK_ProductionI.description>


  <!-- CandyMaking
			DrugLab
			AmmoBench -->

  <SK_ProductionII.label>생산 II</SK_ProductionII.label>
  <SK_ProductionII.description>전기를 이용해 몇가지 유용한 것들을 생산할 수 있게됩니다. 커피머신을 만들어 커피콩을 뜨겁고 향기로운 음료로 바꿔주고 이것으로 차 종류도 제작 가능합니다.
						\n\n 또한 전기 스토브와 전기 양조작업대를 건설 가능합니다.</SK_ProductionII.description>


  <!-- ElectricStove
					ElectricBrewery
					TableCoffee -->

  <!--[Core] <Brewing.label>brewing</Brewing.label>-->
  <!--[Core] <Brewing.description>Allows you to build a brewery to transform hops into tasty, tasty beer.</Brewing.description>-->


  <!-- BrewingTable -->

  <SK_ProductionIII.label>생산 III</SK_ProductionIII.label>
  <SK_ProductionIII.description>전기를 이용한 고급 생산기술을 배웁니다. 전기 압력 조리대를 건설 가능합니다. 통조림도 생산 가능하게하여 식품 원료를 오랫동안 보존할 수 있게 합니다.</SK_ProductionIII.description>


  <!-- ElectricStove_Pro
								Canningstove -->

  <!--[Core] <Refining.label>refining</Refining.label>-->
  <!--[Core] <Refining.description>Build refineries to make chemfuel from wood.</Refining.description>-->


  <!-- TableComposter
				BioRefinery -->

  <!--[Core] <DrugProduction.label>drug production</DrugProduction.label>-->
  <!--[Core] <DrugProduction.description>The basics of drug preparation and synthesis. Allows creation of the drug lab. Further research is required to make specific drugs.</DrugProduction.description>-->


  <!-- DrugLab
				MakeHempCloth
				MakeOil -->

  <!--[Core] <PsychiteRefining.label>psychite refining</PsychiteRefining.label>-->
  <!--[Core] <PsychiteRefining.description>Learn to refine psychoid leaves into flake and yayo, different forms of the euphoric drug psychite.</PsychiteRefining.description>-->

  <!--[Core] <WakeUpProduction.label>wake-up production</WakeUpProduction.label>-->
  <!--[Core] <WakeUpProduction.description>Your chemists learn the formulas and techniques for synthesizing wake-up, a work performance-enhancing drug.</WakeUpProduction.description>-->

  <!--[Core] <GoJuiceProduction.label>go-juice production</GoJuiceProduction.label>-->
  <!--[Core] <GoJuiceProduction.description>Learn to produce the synthetic combat-performance-enhancing drug go-juice.</GoJuiceProduction.description>-->

  <!--[Core] <PenoxycylineProduction.label>penoxycyline production</PenoxycylineProduction.label>-->
  <!--[Core] <PenoxycylineProduction.description>Learn to produce penoxycline, a disease prevention drug.</PenoxycylineProduction.description>-->

  <SK_BiochemistryII.label>생화학</SK_BiochemistryII.label>
  <SK_BiochemistryII.description>이것은 생화확 연구대를 제작하게 해줍니다.라고 되있는데 Cabon Fiber 합금 제작법만 배웁니다.</SK_BiochemistryII.description>


  <!-- MakeCarbonAlloy
				TableChemlab -->

  <SK_Bioenergy.label>친환경 연료</SK_Bioenergy.label>
  <SK_Bioenergy.description>친환경 연료들을 이용해 전력을 생산할 수 있게 됩니다. 연료로 바이오디젤이나 에탄올이 필요합니다.</SK_Bioenergy.description>


  <!-- TableOrganvat -->

  <!--[Core] <NutrientPaste.label>nutrient paste</NutrientPaste.label>-->
  <!--[Core] <NutrientPaste.description>Build nutrient paste dispensers which efficiently produce edible meals from raw nutritive feedstocks.</NutrientPaste.description>-->


  <!-- NutrientPasteDispenser
								Hopper -->

  <NutrientPasteII.label>Soylent 기술</NutrientPasteII.label>
  <NutrientPasteII.description>인간의 시체를 사용해 Soylent Green을 제작 하게 해줍니다.</NutrientPasteII.description>


  <!-- soylenttable -->

  <SK_GlassworkingI.label>유리작업</SK_GlassworkingI.label>
  <SK_GlassworkingI.description>연구를 통해 유리를 제작 가능하개 해줍니다. 유리는 모래를 매우 높은 온도로 가열하는 공정으로 만들어집니다.</SK_GlassworkingI.description>


  <!-- GlassworkTable -->

  <SK_GlassworkingII.label>유리섬유</SK_GlassworkingII.label>
  <SK_GlassworkingII.description>유리는 깨지기 쉽지만 적절한 가공을 통해 강도를 더 올릴 수 있습니다.</SK_GlassworkingII.description>


  <!-- DoorGlass
				TeaTable
				MakeReinforcedGlass -->

  <SK_MedicineI.label>기초 보철물</SK_MedicineI.label>
  <SK_MedicineI.description>기본적인 보철물 제작법. 팔이나 다리가 없습니까? 그렇다면 금속과 나무를 이용해 기본적인 보철물을 제작하는 법을 배우십시오. 보철물 작업대를 건설 가능하게 합니다.</SK_MedicineI.description>


  <!-- TableBasicProsthetic
				InstallArtificialPelvis
				InstallHydraulicJaw
				InstallArtificialNose
				InstallSimpleProstheticFoot
				InstallSimpleProstheticHand
				InstallCrystalEye
				InstallGlassEye
				InstallSimpleProstheticArm
				InstallSimpleProstheticLeg
				InstallPegLeg
				InstallWoodenFoot
				InstallDenture
				InstallHookHand
				InstallSteelArm -->

  <!--[Core] <HospitalBed.label>hospital bed</HospitalBed.label>-->
  <!--[Core] <HospitalBed.description>Allows colonists to construct hospital beds which increase chance of successful medical work.</HospitalBed.description>-->


  <!-- HospitalBed
				TableBasicProsthetic
				installlifesupportlung
				installlifesupportheart
				installlifesupportliver
				installlifesupportkidney
				InjectMedicine
				CureInjuryFrostbite
				CureInjuryScratch
				CureInjuryBite
				CureInjuryStab
				CureInjuryGunshot
				CureInjuryShredded
				CureInjuryBruise
				CureInjuryCut
				CureInjuryCrack
				CureInjuryCrush
				CureInjuryBurn -->

  <!--[Core] <VitalsMonitor.label>vitals monitor</VitalsMonitor.label>-->
  <!--[Core] <VitalsMonitor.description>Allows colonists to build vitals monitors which increase patients treatment quality if placed next to medical beds.</VitalsMonitor.description>-->


  <!-- Storage_MedicineCabinet
								VitalsMonitor
								HealScars
								InstallNaturalJaw
								InstallNaturalEar
								InstallNaturalNose
								CureInjurySurgicalCut
								CureChronicAsthma
								CureGutWorms
								RepairCosmeticEar
								RepairCosmeticNose
								RepairFinger
								RepairToe
								InstallArtificialBone_Small
								InstallArtificialBone_Medium
								InstallArtificialBonePiece_Large -->

  <VitalsMonitorI.label>의학 III</VitalsMonitorI.label>
  <VitalsMonitorI.description>의료 기술의 발전으로 새로운 외과 수술법이 열립니다. 이제 심장, 간과 같은 내부장기와 팔, 다리 같은 신체부위를 이식하고, 부상자를 치료하기 위해 특별히 고안된 고급의료침대를 건설 가능합니다.</VitalsMonitorI.description>


  <!-- AdvHospitalBed
								ClutterMedicKitTable
								InstallNaturalHeart
								InstallNaturalLiver
								InstallNaturalKidney
								InstallNaturalLung
								InstallNaturalEye
								InstallNaturalHeart
								InstallNaturalStomach
								InstallNaturalLeg
								InstallNaturalArm -->

  <SK_HospitalIV.label>의학 IV</SK_HospitalIV.label>
  <SK_HospitalIV.description>이제 당신의 의사들은 만성 질환을 치료할 수 있습니다. 심근경색, 알츠하이머, 근기생충, 치매, 백내장, 청력상실, 노쇠, 요통을 치료하고 더욱 성능이 좋은 바이탈 모니터를 건설 가능합니다.</SK_HospitalIV.description>


  <!-- AdvancedVitalsMonitor
										CureChronicHeartArteryBlockage
										CureChronicAlzheimers
										CureMuscleParasites
										CureChronicDementia
										CureChronicCataract
										CureChronicHearingLoss
										CureChronicFrail
										CureChronicBadBack -->

  <!--[Core] <MedicineProduction.label>medicine production</MedicineProduction.label>-->
  <!--[Core] <MedicineProduction.description>Produce medicine from herbal medicine, neutroamine, and cloth.</MedicineProduction.description>-->


  <!-- meditable
				BrewMedicalDrink -->

  <SK_MedicineIII.label>유전공학</SK_MedicineIII.label>
  <SK_MedicineIII.description>유전자 조작의 획기적인 발전으로 인간 시체를 BioMatter로 바꾸고 자연 대체장기를 키우는데 사용되는 장기 배양기(Organvat)를 건설할 수 있습니다.</SK_MedicineIII.description>


  <!-- TableOrganvat -->

  <!--[Core] <ComplexClothing.label>complex clothing</ComplexClothing.label>-->
  <!--[Core] <ComplexClothing.description>Sew complicated garments like pants, dusters, and cowboy hats.</ComplexClothing.description>-->


  <!-- HandTailoringBench
		TableLoom -->

  <!--[Core] <CarpetMaking.label>carpet making</CarpetMaking.label>-->
  <!--[Core] <CarpetMaking.description>Allows colonists to build carpets to increase the quality of their environments.</CarpetMaking.description>-->


  <!-- Bunch of terrain thingdefs -->

  <CarpetMakingII.label>고급 카펫 제작</CarpetMakingII.label>
  <CarpetMakingII.description>더 좋은 카펫들의 제작법입니다.</CarpetMakingII.description>

  <TailoringII.label>재봉 II</TailoringII.label>
  <TailoringII.description>재봉 기술의 발전으로 의류의 신속한 제작을 위한 전기 재봉작업대를 건설 가능합니다. 합성원단의 제작이 가능합니다.</TailoringII.description>


  <!-- ElectricTailoringBench
				BenchRecycle
				MakeSynthreadCloth -->

  <!--[Core] <PoweredArmor.label>powered armor</PoweredArmor.label>-->
  <!--[Core] <PoweredArmor.description>Neuro-memetic robotics and advanced plasteel weaving technologies allow you to build the power armor and power armor helmets.</PoweredArmor.description>-->


  <!-- HyperTailoringBench
						MakeHyperweaveCloth -->

  <SK_ElectronicsI.label>전기 기초</SK_ElectronicsI.label>
  <SK_ElectronicsI.description>전기를 생산해서 요리와 간단한 작업에 사용합니다.</SK_ElectronicsI.description>


  <!-- TableElectronics -->

  <SK_TelecommunicationI.label>통신기술</SK_TelecommunicationI.label>
  <SK_TelecommunicationI.description>거주민들이 통신제어반과 무역 송신기를 사용할 수 있게 해줍니다. 이것들로 다른 세력이나 무역선들과 교류가 가능합니다.</SK_TelecommunicationI.description>


  <!-- OrbitalTradeBeacon
				CommsConsole -->

  <SK_TelecommunicationII.label>위성 통신망</SK_TelecommunicationII.label>
  <SK_TelecommunicationII.description>이 연구를 통해 거주민들은 멀리 떨어진 우주선과 통신하여 이들을 식민지로 안내할 수 있는 무역선 유도기(Subspace Brust Transponder)를 건설 가능합니다.</SK_TelecommunicationII.description>


  <!-- Buildings_SubspaceBurstTransponder -->

  <SK_TelecommunicationIII.label>하이퍼컴퓨팅</SK_TelecommunicationIII.label>
  <SK_TelecommunicationIII.description>통신기술의 발달로 거주민들은 전술 위성을 이용한 이온 포격 시스템(Ion Satelite Broardcaster)을 건설할 수 있게 됩니다.</SK_TelecommunicationIII.description>


  <!-- TacticalComputer -->

  <!--[Core] <MicroelectronicsBasics.label>microelectronics basics</MicroelectronicsBasics.label>-->
  <!--[Core] <MicroelectronicsBasics.description>The basics of working with delicate, complex electronics. This unlocks the high-tech research bench, comms console, and other research projects like tube televisions, and cryptosleep caskets.</MicroelectronicsBasics.description>-->


  <!-- MakeIntegratedCircuits
					MakeMineralSonarModule
					MobileMineralSonar -->

  <ResearchMobileMineralSonarEnhancedScan.label>강화 휴대용 광물 스케너</ResearchMobileMineralSonarEnhancedScan.label>
  <ResearchMobileMineralSonarEnhancedScan.description>미소공학 노이즈 감소 알고리즘을 통해 일부 코드 재작업을 하면 연구원들이 휴대용 광물 스케너의 효율을 강화할 수 있습니다.</ResearchMobileMineralSonarEnhancedScan.description>
  <ResearchMobileMineralSonarEnhancedScan.descriptionDiscovered>미소공학을 통해 알고리즘이 최적화 되었습니다. 예비 CPU의 시간은 스캔 범위 및 감지 알고리즘을 향상시키기 위해 재할당 되었습니다.
					- 휴대용 광물 스케너 감지 범위 증가 (30 -&gt; 50).
					- 휴대용 광물 스케너 감지 확률 증가.
						</ResearchMobileMineralSonarEnhancedScan.descriptionDiscovered>

  <SK_ElectronicsIII.label>나노전기공학 기초</SK_ElectronicsIII.label>
  <SK_ElectronicsIII.description>이 연구를 통해 거주민들은 마이크로 칩 집적회로(Microchip Integrated Circuits), 뇌 자극기, 생명유지장치를 만들 수 있습니다.</SK_ElectronicsIII.description>


  <!-- makelifesupport
					MakeMicrochipIntegratedCircuits
					CreateBrainStimulator -->

  <SK_BionicsI.label>인공장기</SK_BionicsI.label>
  <SK_BionicsI.description>초소형 모터와 회로를 이용한 더 나은 생체공학 장기들을 제작할 수 있게 됩니다.</SK_BionicsI.description>


  <!-- TableSynthetics
								MakeBioelectronicDevices
								InstallSyntheticHeart
								InstallSyntheticKidney
								InstallSyntheticLiver
								InstallSyntheticLung
								InstallSyntheticStomach -->

  <SK_BionicsII.label>생체공학</SK_BionicsII.label>
  <SK_BionicsII.description>생명공학물질(Bio Material)을 이용해 자연적인 신체보다 뛰어난 성능의 생체공학 물품을 제작합니다.</SK_BionicsII.description>


  <!-- TableBionics
										CreateAIChip
										InstallAdrenalineRib
										InstallMedicalRib
										InstallPowerArm
										InstallBionicSpine
										InstallBionicHand
										InstallBionicFoot
										InstallSilentJaw
										InstallBionicEar
										InstallBionicJaw -->

  <SK_BionicsIII.label>고급생체공학</SK_BionicsIII.label>
  <SK_BionicsIII.description>생체공학 기술 및 로봇공학의 획기적인 발전으로 고성능의 의체와 로봇 제작시설을 만들 수 있습니다.(라고되있지만 플라스마 조명과 수술대를 건설 가능합니다.)</SK_BionicsIII.description>


  <!-- UpgradingStation
												MakeRobotParts
												InstallExoskeletonSuit
												InstallAdvancedBionicSpine
												InstallAdvancedBionicJaw
												InstallAdvancedBionicEar
												InstallAdvancedBionicEye
												InstallAdvancedBionicFoot
												InstallAdvancedBionicHand
												InstallAdvancedBionicLeg
												InstallAdvancedBionicArm
												InstallAdvancedPowerArm -->

  <!--[Core] <Stonecutting.label>stonecutting</Stonecutting.label>-->
  <!--[Core] <Stonecutting.description>Build stonecutting tables, which allow you to refine rock chunks into stone blocks that can be used for construction.</Stonecutting.description>-->


  <!-- TableSculpting
			TableStonecutter -->

  <SK_Quarry.label>채석장</SK_Quarry.label>
  <SK_Quarry.description>광업 기술에 대한 새로운 연구로 채석장을 건설할 수 있게 됩니다. 채석장은 지하자원을 파내는 매우 큰 구덩이 입니다.</SK_Quarry.description>


  <!-- QuarrySpawner -->

  <SK_MiningI.label>원유시추</SK_MiningI.label>
  <SK_MiningI.description>이 연구는 원유 광구를 시추할 수 있는 천공기(Drilling Rig)를 건설 가능하게 합니다. </SK_MiningI.description>


  <!-- FissureGenerator -->

  <!--[Core] <DeepDrilling.label>deep drilling</DeepDrilling.label>-->
  <!--[Core] <DeepDrilling.description>Allows you to build deep drills for extracting resources from deep underground. You'll need a ground-penetrating scanner to find the resources.</DeepDrilling.description>-->


  <!-- Extractor
				OilExtractor
				ClayCollector -->

  <!--[Core] <GroundPenetratingScanner.label>ground-penetrating scanner</GroundPenetratingScanner.label>-->
  <!--[Core] <GroundPenetratingScanner.description>Allows you to build ground-penetrating scanners that can detect drillable resources deep under the surface.</GroundPenetratingScanner.description>-->


  <!-- RareExtractor -->

  <SK_Petrochemistry.label>석유화학 플랜트</SK_Petrochemistry.label>
  <SK_Petrochemistry.description>석유화학 플랜트 건설을 가능하게합니다. 이 건물은 원유를 연료로 정제하거나 고무 및 플라스틱과 같은 석유화학재료들을 생산합니다. 원유 투입기가 필요합니다.</SK_Petrochemistry.description>


  <!-- OilRefinery
					MakeCompaste
					MakeKevlar
					MakeSyntheticFibers
					MakeCarbon -->

  <!--[Core] <Machining.label>machining</Machining.label>-->
  <!--[Core] <Machining.description>Build machining tables to craft guns and machinery or disassemble dead mechanoids.</Machining.description>-->


  <!-- TableSawmillElectric
			TableMending
			MakeMendingKit -->

  <SK_MachiningII.label>고급 기계가공</SK_MachiningII.label>
  <SK_MachiningII.description>석재 덩어리들을 건설용 블럭, 골재 또는 모래로 가공할 수 있는 전기 기계작업대를 건설 가능합니다. 여기서 각종 폭탄류와 방어용 포탑들을 제작할 수 있습니다.</SK_MachiningII.description>


  <!-- TableMachining -->

  <!--[Core] <ComponentAssembly.label>component assembly</ComponentAssembly.label>-->
  <!--[Core] <ComponentAssembly.description>Allows you to build the Component Assembly Bench, where colonists can make components from simple materials.</ComponentAssembly.description>-->


  <!-- AdvToolBench
							MakeAdvMechanism_Hand
							MakeAdvMechanism_Electric -->

  <!--[Core] <TransportPod.label>transport pod</TransportPod.label>-->
  <!--[Core] <TransportPod.description>Construct launchable transport pods that you can use to launch people and supplies long distances across the planet's surface.</TransportPod.description>-->

  <SK_AppliedPhysicsI.label>물질변환</SK_AppliedPhysicsI.label>
  <SK_AppliedPhysicsI.description>몇 가지 유기물과 무기물질을 다른 자원으로 변환하는 변환기를 건설할 수 있게 됩니다.</SK_AppliedPhysicsI.description>


  <!-- MatterConverter -->

  <SK_Robotics.label>로봇공학</SK_Robotics.label>
  <SK_Robotics.description>청소 및 운반과 같은 간단한 작업을 위한 소형 로봇을 만들 수 있습니다.</SK_Robotics.description>


  <!-- RobAssem
											MakeHexcell
											AIRobot_RechargeStation_Cleaner
											AIRobot_RechargeStation_Hauler -->

  <SK_NanotechnologyI.label>나노기술</SK_NanotechnologyI.label>
  <SK_NanotechnologyI.description>저장공간을 확장하는 방법에 대한 연구입니다. 나노기술을 이용한 저장공간은 최대 10개의 물품 스텍을 저장할 수 있습니다.(라고 해놓고 나노기술 기초 연구입니다.)</SK_NanotechnologyI.description>


  <!-- NanoStorage -->

  <SK_NanotechnologyII.label>나노복제</SK_NanotechnologyII.label>
  <SK_NanotechnologyII.description>나노 로봇들을 이용해 사물을 복제하는 방법을 연구합니다. 나노프린터를 건설할 수 있게 되고 스캔한 항목을 복제할 수 있습니다. 또 나노프린터가 내부를 스캔할 수 있게 해주는 나노스캐너의 잠금을 해제합니다.(라고 되있지만 미구현)</SK_NanotechnologyII.description>


  <!-- NanoScanner
															NanoPrinter -->

  <SK_Cybernetics.label>사이버네틱스</SK_Cybernetics.label>
  <SK_Cybernetics.description>사이버네틱스 작업대를 통해 강력한 인공 신체들을 만들 수 있습니다.</SK_Cybernetics.description>


  <!-- CreateGTHeart
																	CreateGTKidney
																	CreateGTLiver
																	CreateGTStomach
																	CreateGTLung
																	CreateGTBionicSpine
																	CreateGTBionicEar
																	CreateGTBionicJaw
																	CreateGTBionicLeg
																	CreateGTBionicFoot
																	CreateGTBionicHand
																	CreateGTBionicArm
																	CreateGTBionicEye
																	InstallGTSpine
																	InstallGTDentures
																	InstallGTStomach
																	InstallGTLiver
																	InstallGTKidney
																	InstallGTLung
																	InstallGTHeart
																	InstallGTFoot
																	InstallGTLeg
																	InstallGTHand
																	InstallGTArm
																	InstallGTEye
																	InstallGTEar
																	UpgradingStation -->

  <SK_DermalRegenerator.label>피부재생기</SK_DermalRegenerator.label>
  <SK_DermalRegenerator.description>피부재생기를 건설할 수 있습니다. 이것은 피부와 조직의 흉터를 스캔하고 치료할 수 있는 의료기기입니다.</SK_DermalRegenerator.description>


  <!-- DermalRegenerator -->

  <Personal_Shield_research.label>Nanite 보호막</Personal_Shield_research.label>
  <Personal_Shield_research.description>나노기술을 이용한 보호막으로 침임자나 다른 부상으로부터 거주민을 보호합니다. 불행히도 Nanites의 용량 때문에 매번 사용 후 Colonist 강화 : Station에서 교체해야 합니다.</Personal_Shield_research.description>


  <!-- <ResearchProjectDef ParentName="IndustrialBase">
																	<defName>SK_MindAlteringDevice</defName>
																	<label>Mind Altering Device</label>
																	<description></description>
																	<baseCost>2200</baseCost>
																	<techLevel>Industrial</techLevel>
																		<prerequisites>
																			<li>SK_NanotechnologyII</li>
																		</prerequisites>
																  </ResearchProjectDef> -->

  <SK_AppliedPhysicsII.label>양자역학</SK_AppliedPhysicsII.label>
  <SK_AppliedPhysicsII.description>입자가속기(Hardron Collider)를 건설할 수 있습니다. 두 덩어리의 양성자 그룹을 빠른 속도로 가속시키는 장치로 가속화 된 양성자는 더 높은 에너지를 가지는 입자를 생성하기 위해 다른 양성자 덩어리와 충돌 시키도록 만들어 집니다. </SK_AppliedPhysicsII.description>


  <!-- HadronCollider
											HadronColliderFeeder -->

  <SK_Antimatter.label>반물질</SK_Antimatter.label>
  <SK_Antimatter.description>반물질을 자기장에 의해 정상물질과 분리하여 안전한 상태로 추출합니다. 에너지는 원자로가 핵분열 반응에서 소비 된 열과 빛 에너지를 얻는것과 같은 방식으로 추출됩니다.</SK_Antimatter.description>


  <!-- AntimatterReactor -->

  <SK_AppliedPhysicsIII.label>외계물질</SK_AppliedPhysicsIII.label>
  <SK_AppliedPhysicsIII.description>최고급 제작 기술을 이용하기 위한 제조방법의 기초를 이해하는 연구입니다.</SK_AppliedPhysicsIII.description>


  <!-- Matterfab
													ImpactionCharge

												  
														  <ResearchProjectDef ParentName="HitechMultiBase">
															<defName>SK_Teleportation</defName>
															<label>Teleportation</label>
															<description>By studying the symbols on the device you have discovered and cross-referencing with stellar constellations you have found out how to activate it and travel to other locations.</description>
															<baseCost>3500</baseCost>
															<techLevel>Industrial</techLevel>
																<prerequisites>
																	<li>SK_AppliedPhysicsIII</li>
																</prerequisites>
														  </ResearchProjectDef>
															Stargate -->

  <!--[Core] <ShipBasics.label>shipbuilding basics</ShipBasics.label>-->
  <!--[Core] <ShipBasics.description>Allows you to start researching more advanced shipbuilding technologies and eventually build a ship to escape the planet.</ShipBasics.description>-->


  <!-- Ship_Beam -->

  <!--[Core] <ShipCryptosleep.label>ship cryptosleep caskets</ShipCryptosleep.label>-->
  <!--[Core] <ShipCryptosleep.description>Allows you to construct ship cryptosleep caskets for transporting cryptosleeping colonists between the stars.</ShipCryptosleep.description>-->


  <!-- Ship_CryptosleepCasket -->

  <!--[Core] <ShipEngine.label>ship antimatter propulsion</ShipEngine.label>-->
  <!--[Core] <ShipEngine.description>Allows you to construct an engine for a ship.</ShipEngine.description>-->


  <!-- Ship_Engine -->

  <!--[Core] <ShipReactor.label>ship antimatter reactor</ShipReactor.label>-->
  <!--[Core] <ShipReactor.description>Allows you to use an antimatter containment core to build a reactor to power a ship.</ShipReactor.description>-->


  <!-- Ship_Reactor -->

  <!--[Core] <ShipComputerCore.label>ship computer core</ShipComputerCore.label>-->
  <!--[Core] <ShipComputerCore.description>Allows coercing an existing AI persona into a usable AI computer core for ship guidance.</ShipComputerCore.description>-->


  <!-- Ship_ComputerCore -->

  <!--[Core] <Smithing.label>smithing</Smithing.label>-->
  <!--[Core] <Smithing.description>Build smithies for crafting metal weapons and tools.</Smithing.description>-->


  <!-- FueledSmithy -->

  <SmithingI.label>금속가공</SmithingI.label>
  <SmithingI.description>전기를 연료로 사용하는 대장간을 만들 수 있습니다.\n\n무기 제작 작업대(Weapon 제작 중 : Worktable)은 권총이나 소총과 같은 원거리 무기를 생산할 수 있습니다.</SmithingI.description>


  <!-- ElectricSmithy
					WeaponCraftingWorkTable -->

  <SmithingII.label>고급 금속가공</SmithingII.label>
  <SmithingII.description>군용 돌격소총, 미사일 발사대 및 대형 기관총과 같은 고급 원거리 무기를 생산하는 고급 무기 제작 작업대(Advenced weapon 제작 중 : workbench)를 건설하기 위한 연구입니다.</SmithingII.description>


  <!-- AdvWeaponCraftingWorkTable -->

  <SmithingV.label>하이테크 금속가공</SmithingV.label>
  <SmithingV.description>레이저 라이플 같은 메카노이드들이 사용하는 미래적 무기들을 생산하는 작업대를 연구합니다.</SmithingV.description>


  <!-- MechWeaponCraftingWorkTable -->

  <!--[Core] <ElectricSmelting.label>electric smelting</ElectricSmelting.label>-->
  <!--[Core] <ElectricSmelting.description>Build electric smithy and smelters.\n\nThe electric smithy allows smithing items without fuel. The electric smelters uses heat and strong electromagnets to extract useful metal from slag chunks and other items.</ElectricSmelting.description>-->


  <!-- ElectricSmelter
					MakeSilverBars_Electric
					MakeCopperBars_Electric
					MakeGoldBars_Electric
					MakeSteelBars_Electric
					MakeBronze_Electric -->

  <SK_MetallurgyII.label>주조</SK_MetallurgyII.label>
  <SK_MetallurgyII.description>기초적인 합금인 알루미늄, 센더스트, 멜치오르, 페로실리콘의 제련법을 배웁니다.</SK_MetallurgyII.description>


  <!-- MakeAluminiumBars_Hand
					MakeAluminiumBars_Electric
					ProcessForManganese
					MakeCupronickelAlloy
					MakeFerrosiliconAlloy -->

  <SK_MetallurgyIII.label>열역학</SK_MetallurgyIII.label>
  <SK_MetallurgyIII.description>상위 합금인 알니코, 니크롬, 스테인, 크로뮴, 코발트, 니켈의 제련법을 배웁니다.</SK_MetallurgyIII.description>


  <!-- ProcessNickelOre
							ProcessForChromium
							MakeFerronickelAlloy
							EAF
							MakeAlnicoAlloy
							MakeNichromeAlloy -->

  <SK_MetallurgyIV.label>나노 야금학</SK_MetallurgyIV.label>
  <SK_MetallurgyIV.description>깊이 있는 야금학으로 티타늄, 텅스텐, 니틴올, 페로티타늄, 포베다이트, 스텔라이트의 제련법을 배웁니다.</SK_MetallurgyIV.description>


  <!-- ProcessTitanium
									ProcessTungsten
									MakeStelliteAlloy
									MakeFerrotitaniumAlloy
									MakeNitinolAlloy
									MakePobediteAlloy -->

  <SK_ConstructionI.label>건설 I</SK_ConstructionI.label>
  <SK_ConstructionI.description>이 행성의 원자재를 잘 이용하는 기초를 익힙니다. 금속과 석재를 이용해 견고한 건축물을 지을 수 있게 됩니다. 또한 지붕 공사와 핸드 콘크리트 믹서를 지을수 있게 됩니다.</SK_ConstructionI.description>


  <!-- ConcreteMixer
		RoofSupport -->

  <SK_ConstructionII.label>건설 II</SK_ConstructionII.label>
  <SK_ConstructionII.description>건설 기술의 발달로 전기 콘크리트 믹서를 건설할 수 있게 됩니다. 또 모션센서 조명이 내장된 벽을 지을수 있게 됩니다.(조명벽은 거짓말)</SK_ConstructionII.description>


  <!-- EConcreteMixer
					WallLighted
					RDoor -->

  <SK_ConstructionIII.label>건설 III</SK_ConstructionIII.label>
  <SK_ConstructionIII.description>진보된 건설기술로 넓은 방호문, 폭발 자동문, 조명등이 내장된 벽 등을 건설할 수 있습니다.</SK_ConstructionIII.description>


</LanguageData>