﻿<?xml version="1.0" encoding="utf-8"?>
<LanguageData>

  <!-- Security -->

  <SK_Security.label>방어시설 I</SK_Security.label>
  <SK_Security.description>방어 시설의 기초를 연구하면 거주민들이 모래를 이용해 방어진지를 구축할 수 있습니다.</SK_Security.description>


  <!-- Sandbags -->

  <!--[Core] <IEDBomb.label>Explosive IEDs</IEDBomb.label>-->
  <!--[Core] <IEDBomb.description>Allows colonists to build improvised explosive device-based traps from mortar shells.</IEDBomb.description>-->


  <!-- Embrasure
			WallWire -->

  <!--[Core] <IEDIncendiary.label>Incendiary IEDs</IEDIncendiary.label>-->
  <!--[Core] <IEDIncendiary.description>Allows colonists to build incendiary explosive traps from mortar shells.</IEDIncendiary.description>-->


  <!-- Moat
					TrapIEDBomb
					TrapIEDIncendiary -->

  <!--[Core] <Firefoam.label>firefoam</Firefoam.label>-->
  <!--[Core] <Firefoam.description>Allows the construction of firefoam poppers; fire-safety buildings which spread fire-retardant foam in response to encroaching flames.</Firefoam.description>-->


  <!-- FirefoamPopper -->

  <SK_MachinegunsturretsI.label>기관총진지</SK_MachinegunsturretsI.label>
  <SK_MachinegunsturretsI.description>몇가지 고정식 기관총 진지를 건설할 수 있게 됩니다.</SK_MachinegunsturretsI.description>


  <!-- Turret_M240B
							Turret_M2Browning -->

  <Miniguns.label>다중총열무기</Miniguns.label>
  <Miniguns.description>미니건과 KVP 진지를 건설하는 방법을 연구합니다.</Miniguns.description>


  <!-- Turret_Minigun
									Turret_KPV -->

  <!--[Core] <ChargedShot.label>charged shot</ChargedShot.label>-->
  <!--[Core] <ChargedShot.description>Understand the secrets of pulse-charged energy/projectile munitions. Allows you to build the charge rifle.</ChargedShot.description>-->


  <!-- Turret_Oerlikonautocannon
											Turret_ChainGun -->

  <SK_MachinegunsturretsIV.label>고급 전자기관포</SK_MachinegunsturretsIV.label>
  <SK_MachinegunsturretsIV.description>30mm Avenger 터렛을 만들수 있습니다. 사수가 필요하며 탄약도 필요합니다. 총알에 맞게되면 아머피어싱 피해를 줍니다. \n\n또한 20mm 발칸포도 건설 가능합니다. 이 포탑역시 사수가 필요하며 탄약은 20mmx20 발칸 탄약을 사용합니다. 빠른 속도로 발사되는 고열의 탄환으로 인해 표적을은 고깃덩어리가 되거나 총알에 맞지 않더라도 제압을 당하게 될것입니다.</SK_MachinegunsturretsIV.description>


  <!-- AvengerTurretGun
												Turret_VulcanCannon -->

  <SK_CannonturretsI.label>곡사포 포탑 I</SK_CannonturretsI.label>
  <SK_CannonturretsI.description>30mm Grenade Launcher와 AGS-17 grenade launcher의 제작법을 연구합니다. 이들은 포사수가 필요하며 30x29mm 수류탄탄을 사용합니다. 사거리가 길고 명중률이 좋습니다.</SK_CannonturretsI.description>


  <!-- Turret_AGS30GrenadeLauncher
							Turret_AGSThirty -->

  <!--[Core] <Mortars.label>mortars</Mortars.label>-->
  <!--[Core] <Mortars.description>Learn to build mortars which can lob shells long distances over walls.</Mortars.description>-->


  <!-- Turret_Flak
									Turret_MortarBombCR -->

  <SK_CannonturretsIII.label>곡사포 포탑 III</SK_CannonturretsIII.label>
  <SK_CannonturretsIII.description>120mm Cannon Turret을 만드는 법을 배웁니다. 이 포탑은 사수가 필요하며 120mm Cannon Shells를 탄약으로 사용합니다. 이 강력한 무기는 긴 사거리에 좋은 명중률을 가집니다. 착탄되면 일정 범위에 Armor piercing 피해를 줍니다.
                                    \n\n 또 155m howitzer Cannon Turret을 건설할 수 있습니다. 이 포탑도 사수가 필요하며 155m Howitzer Shells를 탄약으로 사용합니다. 이것은 긴 사거리를 가지며 매우 강력한 폭발을 일으키는 포탄을 발사합니다. 포탄은 벽을 넘어가서 얇은 지붕을 관통할 수 있습니다.</SK_CannonturretsIII.description>


  <!-- Turret_Cannon
											HowitzerTurretGun -->

  <SK_MissilelaunchersI.label>미사일 진지 I</SK_MissilelaunchersI.label>
  <SK_MissilelaunchersI.description>MG FGM-148 Javeline을 건설할 수 있습니다. 사수가 필요하며 MG FGM-148 Javeline을 탄약으로 사용합니다. 사거리가 매우길지만 대공 능력은 없습니다.</SK_MissilelaunchersI.description>


  <!-- >LightMissileSystem -->

  <SK_MissilelaunchersII.label>미사일 진지 II</SK_MissilelaunchersII.label>
  <SK_MissilelaunchersII.description>130mm Medium Missile Systems를 건설할 수 있습니다. 사수가 필요하며 130mmx3 (Medium System)을 탄약으로 사용합니다. 긴 사거리로 날아가 폭발 피해를 입힙니다.
									\n\n 또한 BGM-71 TOW를 건설할 수 있습니다. TOW ("Tube-launched, Optically-tracked, Wire-guided")는 대전차 미사일입니다.</SK_MissilelaunchersII.description>


  <!-- MediumMissileSystems
											Turret_TOWLauncher -->

  <SK_MissilelaunchersIII.label>미사일 진지 III</SK_MissilelaunchersIII.label>
  <SK_MissilelaunchersIII.description>130mm Heavy Missile Systems를 건설할 수 있습니다. 사수가 필요하며 130mmx6 (Heavy System)을 탄약으로 사용합니다. 긴 사거리로 날아가 폭발 피해를 입힙니다.</SK_MissilelaunchersIII.description>


  <!-- RLGun -->

  <!--[Core] <GunTurrets.label>gun turrets</GunTurrets.label>-->
  <!--[Core] <GunTurrets.description>Allows the production of automated gun turrets.</GunTurrets.description>-->


  <!-- TurretGun -->

  <AdvGunTurrets.label>고급 자동포탑</AdvGunTurrets.label>
  <AdvGunTurrets.description>방어를 위한 더욱 화력이 좋은 자동포탑들을 만듭니다.</AdvGunTurrets.description>


  <!-- Turret_SentryRocketLauncher
									Turret_Heavy
									NavalGunTurretGun -->

  <SK_Futuristicturrets.label>미래지향적 자동포탑</SK_Futuristicturrets.label>
  <SK_Futuristicturrets.description>미래지향적인 레이저빔 포탑을 만듭니다. 이 포탑은 사수와 전기가 필요합니다. 그러나 탄약은 필요없습니다. 사거리가 길고 명중하면 표적에 불을 붙입니다.
   			\n\n 또한 Sentry blaster turret을 만듭니다. charge blaster를 사용하는 자동포탑입니다.</SK_Futuristicturrets.description>


  <!-- 모래bags -->
  <!--<IEDBomb.label>방어시설 II</IEDBomb.label>-->
  <!--<IEDBomb.description>방어 시설의 연구를 통해 철조망과 흉벽을 건설할 수 있게 합니다.</IEDBomb.description>-->
  <!--<IEDIncendiary.label>방어시설 III</IEDIncendiary.label>-->
  <!--<IEDIncendiary.description>방어 시설의 추가 연구를 통해 거치식 포대를 제작할 수 있는 Heavy arms lathe를 건설할 수 있게 되고 급조폭발물과 해자, 총안구를 건설할 수 있게 됩니다.</IEDIncendiary.description>-->
  <!--<Firefoam.label>소방</Firefoam.label>-->
  <!--<Firefoam.description>화재 발생시 자동으로 분사되는 소화기를 만들 수 있습니다.</Firefoam.description>-->
  <!--<ChargedShot.label>전자기관포</ChargedShot.label>-->
  <!--<ChargedShot.description>충전식 에너지/ 발사체 탄약의 비밀을 연구하여 전자기관포 진지를 건설하는 법을 배웁니다.</ChargedShot.description>-->
  <!--<Mortars.label>곡사포 포탑 II</Mortars.label>-->
  <!--<Mortars.description>벽을 넘어 먼 거리까지 날아가는 박격포를 만드는 방법을 배웁니다. Flak turret과 81mm 박격포를 제작 가능합니다.</Mortars.description>-->
  <!--<GunTurrets.label>자동포탑</GunTurrets.label>-->
  <!--<GunTurrets.description>방어를 위한 자동포탑을 만듭니다. 사수 없이 자동으로 사격 가능합니다.</GunTurrets.description>-->

</LanguageData>