﻿<?xml version="1.0" encoding="utf-8"?>
<LanguageData>

  <!-- Furniture -->

  <SK_Glowstone.label>Glowstone 램프</SK_Glowstone.label>
  <SK_Glowstone.description>Glowstone으로 빛이나는 램프를 만드는 방법을 배웁니다.</SK_Glowstone.description>


  <!-- GlowstoneLamp -->

  <SK_DiningRoomI.label>가구 I</SK_DiningRoomI.label>
  <SK_DiningRoomI.description>간단한 테이블과 벤치, 러그 같은 가구들을 만들기 위한 연구.</SK_DiningRoomI.description>


  <!-- Stool
	Bench
	TableLong -->

  <SK_DiningRoomII.label>가구 II</SK_DiningRoomII.label>
  <SK_DiningRoomII.description>거주민들의 식사를 편안하게 해주는 티테이블과 식당용 의자를 연구합니다.</SK_DiningRoomII.description>


  <!-- DiningChair
			RoundedTableLong -->

  <SK_DiningRoomIII.label>가구 III</SK_DiningRoomIII.label>
  <SK_DiningRoomIII.description>이 연구는 더욱 아름다운 미관의 가구를 연구합니다.</SK_DiningRoomIII.description>


  <!-- TeaTable
				ClutterSmallTableModern
				ClutterMediumTableModern -->

  <SK_DiningRoomIV.label>가구 IV</SK_DiningRoomIV.label>
  <SK_DiningRoomIV.description>이 연구는 더욱 향상된 성능의 가구들을 연구합니다.</SK_DiningRoomIV.description>


  <!-- PodChair -->

  <SK_RecreationRoomI.label>휴게실 시설 I</SK_RecreationRoomI.label>
  <SK_RecreationRoomI.description>이 행성에서 살아가는것은 매우 힘든 일이고 거주민들은 힘든 작업을 하기 위해 적절한 휴식과 놀이가 필요합니다. 이 연구로 놀이시설과 거실 가구들을 만들 수 있게 됩니다.</SK_RecreationRoomI.description>


  <!-- HorseshoesPin
	Easel
	ArcheryTarget -->

  <SK_RecreationRoomII.label>휴게실 시설 II</SK_RecreationRoomII.label>
  <SK_RecreationRoomII.description>보드게임, 책장, 카우치를 건설하는 방법을 연구합니다.</SK_RecreationRoomII.description>


  <!-- ClutterCouchA их два
				ReversiTable
				CardTable
				Bookcase
				ReadingTable
				ChessTable
				GoTable -->

  <!--[Core] <TubeTelevision.label>tube television</TubeTelevision.label>-->
  <!--[Core] <TubeTelevision.description>Allows the production of tube televisions.</TubeTelevision.description>-->


  <!-- JournalTable
					BilliardsTable
					TubeTelevision
					Telescope -->

  <SK_RecreationRoomIV.label>휴게실 시설 IV</SK_RecreationRoomIV.label>
  <SK_RecreationRoomIV.description>기쁨과 휴식을 주는 가구들에 대한 마지막 연구는 어마어마하게 큰 화면의 TV입니다.</SK_RecreationRoomIV.description>


  <!-- SixSixRoundRug
							GlassMonitorLarge
							FlatscreenTelevision
							MegascreenTelevision
							
							HoloEmitter 
							HoloFlyingDots 
							HoloSciSign -->

  <SK_BedroomI.label>중세식 침실 가구</SK_BedroomI.label>
  <SK_BedroomI.description>편안한 침대와 탁자를 만들어 침실에서도 휴식을 취할수 있게 합니다.</SK_BedroomI.description>


  <!-- Medieval_single_bed
			Medieval_double_bed
			EndTableSimple
			ClutterStylist
			OneOneSquareRug -->

  <SK_BedroomRenaissance.label>르네상스식 침실 가구</SK_BedroomRenaissance.label>
  <SK_BedroomRenaissance.description>침실 가구 제작 기술을 르네상스 시대 수준으로 업그레이드해 이제 몇 가지 가구들을 더 만들수 있게 합니다.</SK_BedroomRenaissance.description>


  <!-- Bed
			DoubleBed
			Dresser
			ComfyBed -->

  <SK_BedroomII.label>왕실 침실 가구</SK_BedroomII.label>
  <SK_BedroomII.description>침실 가구 제작 기술을 왕실 수준으로 업그레이드해 더욱 좋은 가구를 제작할 수 있게 합니다.</SK_BedroomII.description>


  <!-- TwoTwoSquareRug
			ThreeThreeSquareRug
			RoyalBed
			Commode -->

  <SK_BedroomIndustrial.label>산업화 침실 가구</SK_BedroomIndustrial.label>
  <SK_BedroomIndustrial.description>침실 가구 제작 기술 수준을 산업화 시대로 발전시켜 몇 가지 가구를 더 제작할 수 있게 합니다.</SK_BedroomIndustrial.description>


  <!-- industrial_single_bed
			industrial_double_bed
			prison_single_bed_LB
			prison_single_bed_RT -->

  <SK_BedroomIII.label>고급 침실 가구</SK_BedroomIII.label>
  <SK_BedroomIII.description>매우 뛰어난 미관과 성능을 가진 고급가구들을 제작하는 방법을 배웁니다.</SK_BedroomIII.description>


  <!-- FourFourSquareRug
					FiveFiveSquareRug
					EndTable
					Armchair
					bedred
					bedgreen
					bedblue
					royalbedred
					royalbedgreen
					royalbedblue -->

  <SK_BedroomIV.label>나노기술 침실 가구</SK_BedroomIV.label>
  <SK_BedroomIV.description>나노 기술이 적용된 최첨단 침실 가구들의 제작법을 배웁니다.</SK_BedroomIV.description>


  <!-- SixSixSquareRug
							SevenSevenSquareRug
							PodBed
							ClutterBedA
							ClutterEkieBed -->

  <SK_BedroomV.label>우주 침실 가구</SK_BedroomV.label>
  <SK_BedroomV.description>우주항해에 쓰이는 동면관을 이용한 침대를 건설하는법을 배웁니다.</SK_BedroomV.description>


  <!-- space_single_bed
										cryo_double_bed
										space_double_bed
										cryo_single_bed -->

  <SK_ErgonomicsI.label>인체공학 I</SK_ErgonomicsI.label>
  <SK_ErgonomicsI.description>인체공학을 연구하여 각종 제작, 제조 및 조리에 도움이 되는 도구들이 들어있는 수납장을 건설할 수 있습니다.</SK_ErgonomicsI.description>


  <!-- Small_ToolCabinet
	CookingTools -->

  <SK_ErgonomicsII.label>인체공학 II</SK_ErgonomicsII.label>
  <SK_ErgonomicsII.description>인체공학에 대한 더 많은 연구를 통해 새로운 재봉사와 연구원에게 도움이 되는 새로운 도구 수납장을 만들 수 있습니다. </SK_ErgonomicsII.description>


  <!-- FileCabinet
					Patterner -->

  <!--[Core] <MultiAnalyzer.label>multi-analyzer</MultiAnalyzer.label>-->
  <!--[Core] <MultiAnalyzer.description>Allows colonists to build multi-analyzers which increase research speed, and allow higher-level research projects, if placed near a research bench.</MultiAnalyzer.description>-->


  <!-- ToolCabinet
					MultiAnalyzer -->

  <SK_HygleneI.label>욕실 I</SK_HygleneI.label>
  <SK_HygleneI.description>거주민의 청결함을 유지하기 위한 욕실과 화장실용 가구들의 건설법을 배웁니다.</SK_HygleneI.description>


  <!-- OneTwoRunner
		OneThreeRunner
		OneFourRunner
		Kiln -->

  <!--[Core] <ElectricCremation.label>electric cremation</ElectricCremation.label>-->
  <!--[Core] <ElectricCremation.description>Build crematoriums which can vaporize unwanted corpses.</ElectricCremation.description>-->


  <!-- OneFiveRunner Six Seven
			ElectricCrematorium
			ClutterTrashBin -->

  <SK_StorageI.label>저장 I</SK_StorageI.label>
  <SK_StorageI.description>물자를 저장할 수 있는 몇가지 보관함을 연구합니다.</SK_StorageI.description>


  <!-- Storage_WoodenPalletSmall
	Storage_FabricHamper
	EquipmentRack
	ClutterShelf
	ClutterLocker
	Candle а фиг его знает что тут свечка делает -->

  <SK_StorageII.label>저장 II</SK_StorageII.label>
  <SK_StorageII.description>저장기술의 연구를 통해 추가적인 보관함을 건설하는 법을 배웁니다.</SK_StorageII.description>


  <!-- Storage_SkipBig
			Storage_Locker
			ClutterSmallServingTable
			ClutterMedicKitTable -->

  <SK_StorageIII.label>저장 III</SK_StorageIII.label>
  <SK_StorageIII.description>저장기술의 연구를 통해 추가적인 보관함과 이동이 가능한 냉장고를 건설하는 법을 배웁니다.</SK_StorageIII.description>


  <!-- RefrigeratedTrayRack
					Storage_HazMatContainer
					ClutterResourceTable
					ClutterLockerA -->

  <SK_TrainingFacilitiesI.label>교육 시설 I</SK_TrainingFacilitiesI.label>
  <SK_TrainingFacilitiesI.description>이것은 주민들이 기술을 연마할 수 있는 기구를 건설하는법을 연구합니다. 펀치백은 싸움기술을 연마할 수 있습니다.</SK_TrainingFacilitiesI.description>


  <!-- PunchingBag
			MartialArtsTarget -->

  <SK_TrainingFacilitiesII.label>교육 시설 II</SK_TrainingFacilitiesII.label>
  <SK_TrainingFacilitiesII.description>사격 타겟과 Holosuit를 건선하는 법을 배워 각각 사격과 사교 기술을 연마할 수 있게 됩니다.</SK_TrainingFacilitiesII.description>


  <!-- ShootingRangeTarget
			Holodeck -->

  <FloorArt.label>바닥 I</FloorArt.label>
  <FloorArt.description>아름다운 바닥을 만드는 기술을 배웁니다. 1단계.</FloorArt.description>


  <!-- Bunch of terrain thingdefs ? -->

  <FloorArtII.label>바닥 II</FloorArtII.label>
  <FloorArtII.description>아름다운 바닥을 만드는 기술을 배웁니다. 2단계.</FloorArtII.description>

  <FloorArtIII.label>바닥 III</FloorArtIII.label>
  <FloorArtIII.description>아름다운 바닥을 만드는 기술을 배웁니다. 3단계.</FloorArtIII.description>

  <FloorArtIV.label>바닥 IV</FloorArtIV.label>
  <FloorArtIV.description>아름다운 바닥을 만드는 기술을 배웁니다. 4단계.</FloorArtIV.description>


  <!--<TubeTelevision.label>휴게실 시설 III</TubeTelevision.label>-->
  <!--<TubeTelevision.description>거주민들에게 더 큰 즐거움을 주는 당구대와 음극선관 텔레비젼을 연구합니다.</TubeTelevision.description>-->
  <!--<MultiAnalyzer.label>인체공학 III</MultiAnalyzer.label>-->
  <!--<MultiAnalyzer.description>인체공학 연구를 통해 복합분석기를 제작하여 새로운 연구를 할 수 있습니다.</MultiAnalyzer.description>-->
  <!--<ElectricCremation.label>욕실 II</ElectricCremation.label>-->
  <!--<ElectricCremation.description>지속적인 연구를 통해 전기 화장터와 욕실가구의 건설 방법을 배웁니다.</ElectricCremation.description>-->

</LanguageData>