﻿<?xml version="1.0" encoding="utf-8"?>
<LanguageData>

  <!-- Start -->

  <SK_Craftsmanship.label>기초 기술</SK_Craftsmanship.label>
  <SK_Craftsmanship.description>당신은 이제 석기시대를 벗어 납니다. 재앙이 오기전에 뭐가 중요한지 생각해보십시오. 기초적인 주방, 생산작업대, 몇가지 조명과 보관함을 만들 수 있습니다.</SK_Craftsmanship.description>

  <SK_Medicalcare.label>중세 의학</SK_Medicalcare.label>
  <SK_Medicalcare.description>중세 스타일의 치료법을 배웁니다.</SK_Medicalcare.description>

  <!--[Core] <Pemmican.label>pemmican</Pemmican.label>-->
  <!--[Core] <Pemmican.description>Make pemmican, a preserved mixture of meat and plant matter that doesn't go bad for a long time. Great for traveling.</Pemmican.description>-->

  <EnthalpicCooling.label>Coldstone 베터리</EnthalpicCooling.label>
  <EnthalpicCooling.description>Coldstone을 연료로 쓰는 친환경 냉방기.</EnthalpicCooling.description>


  <!--<Pemmican.label>페미컨</Pemmican.label>-->
  <!--<Pemmican.description>고기와 농작물을 갈아서 혼합한 페미컨을 만들어보세요 오랫동안 썩지 않아서 여행할 때 좋습니다.</Pemmican.description>-->

</LanguageData>