﻿<?xml version="1.0" encoding="utf-8"?>
<LanguageData>

  <!-- Agriculture -->

  <SK_Agriculture.label>농업</SK_Agriculture.label>
  <SK_Agriculture.description>이 행성에서 키울수 있는 농작물의 재배법에 대한 기초를 배웁니다. </SK_Agriculture.description>

  <SK_VegetablesI.label>야채 재배법 I</SK_VegetablesI.label>
  <SK_VegetablesI.description>기본적인 야채인 당근과 양파의 재배법을 배웁니다.</SK_VegetablesI.description>


  <!-- PlantCarrot
					Plantonion
					MakeVegetables -->

  <SK_VegetablesII.label>야채 재배법 II</SK_VegetablesII.label>
  <SK_VegetablesII.description>재배 기술의 발달로 양배추와 가지를 재배하는 방법을 배웁니다.</SK_VegetablesII.description>


  <!-- PlantCabbage
					Planteggplant -->

  <SK_VegetablesIII.label>야채 재배법 III</SK_VegetablesIII.label>
  <SK_VegetablesIII.description>재배 기술의 발달로 콩과 호박을 재배할 수 있게 됩니다. 또한 콩을 사용해 두부를 만들 수 있습니다.</SK_VegetablesIII.description>


  <!-- Plantpumpkin
							Plantbean
							Makesoymilk
							MakeTofu -->

  <SK_FruitsI.label>과일 재배법 I</SK_FruitsI.label>
  <SK_FruitsI.description>클라우드베리, 구즈베리의 재배법을 배워 과일을 재배합니다.</SK_FruitsI.description>


  <!-- PlantAgave
							Plantcloudberry
							Plantgooseberry -->

  <SK_FruitsII.label>과일 재배법 II</SK_FruitsII.label>
  <SK_FruitsII.description>재배 기술의 발달로 블루베리와 토마토를 재배할 수 있게하고 과일들로 음료를 만들수 있게 됩니다.</SK_FruitsII.description>


  <!-- Plantblueberry
					MakeFruitDrink -->

  <SK_FruitsIII.label>과일 재배법 III</SK_FruitsIII.label>
  <SK_FruitsIII.description>재배 기술의 발달로 딸기와 포도를 재배할 수 있게 됩니다.</SK_FruitsIII.description>


  <!-- PlantStrawberry
							PlantTomato
							Plantgrape -->

  <SK_CerealsI.label>곡물 재배법 I</SK_CerealsI.label>
  <SK_CerealsI.description>기초적인 곡물인 귀리를 재배하고 곡물을 제분하는 방법을 배웁니다.</SK_CerealsI.description>


  <!-- Plantoats
							MakeFlour -->

  <SK_CerealsII.label>곡물 재배법 II</SK_CerealsII.label>
  <SK_CerealsII.description>재배 기술의 발달로 옥수수와 밀을 재배할 수 있게 됩니다.</SK_CerealsII.description>


  <!-- PlantCorn
							Plantwheat -->

  <SK_CerealsIII.label>곡물 재배법 III</SK_CerealsIII.label>
  <SK_CerealsIII.description>재배 기술의 발달로 새로운 곡물인 쌀을 재배할 수 있게 됩니다.</SK_CerealsIII.description>


  <!-- PlantRice -->

  <SK_OrchardsI.label>과수원 재배법 I</SK_OrchardsI.label>
  <SK_OrchardsI.description>과수원 재배를 배워 오렌지, 복숭아 같이 보다 큰 나무에서 열리는 과일을 재배할 수 있게 됩니다.</SK_OrchardsI.description>


  <!-- PlantorangeTree
			PlantPeachTree -->

  <SK_OrchardsII.label>과수원 재배법 II</SK_OrchardsII.label>
  <SK_OrchardsII.description>재배 기술의 발달로 바나나 나무를 재배할 수 있게 됩니다.</SK_OrchardsII.description>


  <!-- PlantBananaTree
						Plantgrape -->

  <SK_OrchardsIII.label>과수원 재배법 III</SK_OrchardsIII.label>
  <SK_OrchardsIII.description>재배 기술의 발달로 새로운 과일인 사과를 재배할 수 있게 됩니다.</SK_OrchardsIII.description>


  <!-- PlantAppletree -->

  <SK_TreesI.label>나무 재배법 I</SK_TreesI.label>
  <SK_TreesI.description>목재로 사용 가능한 나무의 재배법을 배웁니다. 대나무와 세크로피아 등의 작은 나무를 재배할 수 있습니다.</SK_TreesI.description>


  <!-- Plantbamboo
			PlantTreeCecropia -->

  <SK_TreesII.label>나무 재배법 II</SK_TreesII.label>
  <SK_TreesII.description>재배 기술의 발달로 자작나무(Birch)와 포플러(Poplar)를 재배할 수 있게 됩니다.</SK_TreesII.description>


  <!-- PlantTreeBirch
					PlantTreePoplar -->

  <SK_TreesIII.label>나무 재배법 III</SK_TreesIII.label>
  <SK_TreesIII.description>재배 기술의 발달로 오크, 소나무, 티크를 재배할 수 있게 됩니다.</SK_TreesIII.description>


  <!-- PlantTreePine
							PlantTreeOak
							PlantTreeTeak -->

  <SK_FiberCropsI.label>섬유작물 재배법 I</SK_FiberCropsI.label>
  <SK_FiberCropsI.description>옷감의 원료인 섬유작물의 재배법을 배웁니다. 목화를 재배할 수 있게 됩니다.</SK_FiberCropsI.description>


  <!-- PlantCotton
		Storage_FabricHamper -->

  <!--[Core] <Devilstrand.label>devilstrand</Devilstrand.label>-->
  <!--[Core] <Devilstrand.description>Allows colonists to plant devilstrand, a slow-growing mushroom that yields a valuable plant fiber.</Devilstrand.description>-->


  <!-- PlantDevilstrand
		MakeDevilstrand -->

  <DevilstrandI.label>섬유작물 재배법 III</DevilstrandI.label>
  <DevilstrandI.description>재배 기술의 발달로 고무나무(Hevea)와 아마(Flax)를 재배할 수 있게 됩니다.</DevilstrandI.description>


  <!-- PlantHeveaTree -->

  <SK_MedicalCropsI.label>약초 재배법 I</SK_MedicalCropsI.label>
  <SK_MedicalCropsI.description>약품의 원료식물을 재배하는 방법을 배웁니다. 약뿌리(Healroot)를 재배할 수 있습니다.</SK_MedicalCropsI.description>


  <!-- PlantHealroot -->

  <SK_MedicalCropsII.label>약초 재배법 II</SK_MedicalCropsII.label>
  <SK_MedicalCropsII.description>재배 기술의 발달로 뉴트로플라워와 알로에를 재배할 수 있게 됩니다.</SK_MedicalCropsII.description>


  <!-- Plantaloe -->

  <SK_MedicalCropsIII.label>약초 재배법 III</SK_MedicalCropsIII.label>
  <SK_MedicalCropsIII.description>재배 기술의 발달로 민트, 하이페리쿰, 야생장미를 재배할 수 있게 됩니다. 하지만 이것들은 수경재배로만 키울 수 있습니다.</SK_MedicalCropsIII.description>


  <!-- mediplant
						mediplantg
						mediplanty -->

  <SK_TropicalCropsI.label>열대식물 재배법 I</SK_TropicalCropsI.label>
  <SK_TropicalCropsI.description>차나 음료를 만들 수 있는 식물들의 재배법을 배웁니다. 사탕수수를 재배 가능하고 이것으로 설탕을 만드는 방법을 배웁니다.</SK_TropicalCropsI.description>


  <!-- Plantsugarcane
			MakeSugar -->

  <SK_TropicalCropsII.label>열대식물 재배법 II</SK_TropicalCropsII.label>
  <SK_TropicalCropsII.description>재배 기술의 발달로 코코아, 차(Tea Shrub)를 재배할 수 있게 됩니다.</SK_TropicalCropsII.description>


  <!-- Plantcocoa -->

  <SK_TropicalCropsIII.label>열대식물 재배법 III</SK_TropicalCropsIII.label>
  <SK_TropicalCropsIII.description>커피콩을 재배할 수 있게 되고 차와 커피를 만들 수 있는 커피머신의 제작법을 배웁니다.</SK_TropicalCropsIII.description>


  <!-- TableCoffee
							PlantTea
							PlantCoffee
							BrewCoffee
							BrewTea -->

  <SK_DrugCropsI.label>마약 연구 I</SK_DrugCropsI.label>
  <SK_DrugCropsI.description>마약으로 사용할 수 있는 식물들의 재배법을 배웁니다. 궐련(Smokeleaf), 연초(Tabacco), 사이코이드를 재배할 수 있습니다.</SK_DrugCropsI.description>


  <!-- PlantSmokeleaf
				PlantPsychoid -->

  <SK_FlowersI.label>화훼 재배법 I</SK_FlowersI.label>
  <SK_FlowersI.description>간단한 꽃들의 재배법을 배웁니다. Astralagus, Crocus, Venus, Rosebay and Dandelion. 또 거주민들은 이제 화분을 만들 수 있습니다.</SK_FlowersI.description>


  <!-- PlantPot
						PlantCrocus
						PlantAstragalus
						PlantDandelion
						PlantRosebay -->

  <SK_FlowersII.label>화훼 재배법 II</SK_FlowersII.label>
  <SK_FlowersII.description>더 많은 종류의 꽃들의 재배법을 배웁니다. White rose, Daylily and Delphinium.</SK_FlowersII.description>


  <!-- LongPlantPot
						PlantRosebay
						PlantDaylily
						PlantRose
						PlantDelphinium
						PlantCrocus -->

  <SK_FlowersIII.label>화훼 재배법 III</SK_FlowersIII.label>
  <SK_FlowersIII.description>화훼 기술의 발달로 장미를 재배할 수 있게되고 더 예쁜 화분들을 만들 수 있습니다.</SK_FlowersIII.description>

  <SK_LivestockI.label>가축 사육 I</SK_LivestockI.label>
  <SK_LivestockI.description>덩치가 작은 동물을 사육하기 위한 작은 동물 상자를 건설할 수 있게 되고 사료에 쓸 건초를 재배할 수 있게 됩니다.</SK_LivestockI.description>


  <!-- AnimalSleepingBox
			PlantHaygrass -->

  <SK_LivestockII.label>가축 사육 II</SK_LivestockII.label>
  <SK_LivestockII.description>거주민들이 가축을 먹일 때 쓸 사료(Silage)를 만들 수 있고 고양이를 위한 특별한 것들을 만들수 있게 됩니다.</SK_LivestockII.description>


  <!-- MakeSilage
					CookCatFood
					ScratchingPole
					FeedingBowl -->

  <SK_LivestockIII.label>가축 사육 III</SK_LivestockIII.label>
  <SK_LivestockIII.description>가축과 애완동물을 위한 동물 방석을 만들 수 있게 됩니다.</SK_LivestockIII.description>


  <!-- AnimalBed -->

  <SK_FishingI.label>어업 I</SK_FishingI.label>
  <SK_FishingI.description>거주민들이 깊은 물에서 낚시를 하기 위한 작은 다리를 건설할 수 있습니다.</SK_FishingI.description>


  <!-- FishingPierSpawner
			BuildHarpoon
			ButcherTailteeth
			PrepareBlueblade
			PrepareSeasnake
			PrepareSduiggles
			ShellMashgon -->

  <SK_FishingII.label>어업 II</SK_FishingII.label>
  <SK_FishingII.description>이 연구는 물고기의 양식하는 방법을 배우게 해줍니다. 양식장과 사료 공급기를 건설할 수 있습니다.</SK_FishingII.description>


  <!-- AquacultureBasin
					AquacultureHopper -->

  <SK_SoilFertillizationI.label>토질 향상 I</SK_SoilFertillizationI.label>
  <SK_SoilFertillizationI.description>농업 기술을 더 연구하여 농작물을 더욱 효율적으로 키우기 위해 토질을 향상하는 방법을 배웁니다.비료 숙성기에서 퇴비(Compost)를 비료(Fertilizer)로 만들 수 있게 됩니다.</SK_SoilFertillizationI.description>


  <!-- SoilRich -->

  <SK_SoilFertillizationII.label>토질 향상 II</SK_SoilFertillizationII.label>
  <SK_SoilFertillizationII.description>더욱 토질이 좋은 토양을 만드는 방법을 연구합니다.</SK_SoilFertillizationII.description>


  <!-- SoilTilled -->

  <SK_Bridges.label>교량</SK_Bridges.label>
  <SK_Bridges.description>물위를 이동하기 위한 각종 교량을 건설하는 방법을 연구합니다.</SK_Bridges.description>

  <LandReclamation.label>지질변환</LandReclamation.label>
  <LandReclamation.description>원하는대로 거주지의 지형을 바꿀 수 있기를 원한다면 이 연구를 마치세요.</LandReclamation.description>

  <FertilizerProduction.label>비료 제작</FertilizerProduction.label>
  <FertilizerProduction.description>비료 생산을 할 수 있는 비료 생산기(Fertlizer Production Machine)를 건설할 수 있게 됩니다.</FertilizerProduction.description>

  <!--[Core] <MoisturePump.label>moisture pump</MoisturePump.label>-->
  <!--[Core] <MoisturePump.description>Allows the construction of moisture pumps, which turn wet ground dry.</MoisturePump.description>-->


  <!-- FertilizerPump
					MoisturePump -->

  <SK_IndoorFarming.label>실내 재배</SK_IndoorFarming.label>
  <SK_IndoorFarming.description>실내에서 식물을 기르는 방법에 대해 연구합니다. 태양등과 풍성한 토지(Saturated Soil)를 건설할 수 있습니다.</SK_IndoorFarming.description>


  <!-- PremitiveHydroponic
			SunLamp -->

  <!--[Core] <Hydroponics.label>hydroponics</Hydroponics.label>-->
  <!--[Core] <Hydroponics.description>Allows you to build hydroponics basins to rapidly grow crops indoors regardless of the terrain or weather outside.</Hydroponics.description>-->


  <!-- HydroponicsBasin
			Agrarian -->

  <SK_HydroponicsII.label>수경재배 II</SK_HydroponicsII.label>
  <SK_HydroponicsII.description>발전된 수경재배 기술로 고급 수경재배기를 건설할 수 있게 해줍니다.</SK_HydroponicsII.description>


  <!-- NewHydroponicsBasin
					ClutterAlloyHydroponicsBasinVS
					GatherHerbsCollection -->

  <Fungiponics.label>버섯재배 I</Fungiponics.label>
  <Fungiponics.description>Champignon과 Glowbulb같은 버섯들을 수경재배하는 방법과 이것을 요리하는 방법을 연구합니다. 버섯용 수경재배기의 건설법을 배웁니다. </Fungiponics.description>


  <!-- FungiponicsBasin
					Glowbulb
					Plantmushroom
					MakeSaladwMushrooms
					MakeSaladwMushrooms_Bulk
					Brightbells -->

  <SK_FungiII.label>버섯재배 II</SK_FungiII.label>
  <SK_FungiII.description>다른 종류의 버섯의 재배법을 배웁니다. Shimmershroom을 조리하면 고기맛이 납니다!.</SK_FungiII.description>


  <!-- Shimmershroom
					MakeRoastwMushrooms
					MakeRoastwMushrooms_Bulk -->

  <SK_FungiIII.label>버섯재배 III</SK_FungiIII.label>
  <SK_FungiIII.description>Gleamcap의 재배법과 조리법을 배웁니다.</SK_FungiIII.description>


  <!--<Devilstrand.label>섬유작물 재배법 II</Devilstrand.label>-->
  <!--<Devilstrand.description>재배 기술의 발달로 악마가닥 버섯을 재배할 수 있게 됩니다.</Devilstrand.description>-->
  <!--<MoisturePump.label>토질 향상 III</MoisturePump.label>-->
  <!--<MoisturePump.description>토질을 향상 시키는 고급 기술에 대해 연구합니다. Terraforming Pump와 Moisture Pump를 건설할 수 있습니다. 이것은 느리지만 어디서나 작물을 재배할 수 있게 해줍니다.</MoisturePump.description>-->
  <!--<Hydroponics.label>수경재배 I</Hydroponics.label>-->
  <!--<Hydroponics.description>행성 환경에 대한 이해가 높아지며 수경 재배에 대한 비밀이 풀립니다. 이것으로 거주민들이 실내 재배에 사용할 수경재배기들을 건설할 수 있게 해줍니다.</Hydroponics.description>-->

</LanguageData>