<?xml version="1.0" encoding="utf-8" ?>
<!--suppress ALL -->
<LanguageData>
	
	<GuestDiplomacy.label>Améliore les relations</GuestDiplomacy.label>
	<GuestDiplomacy.logRulesInitiator.rulesStrings>
		<li>r_logentry->[INITIATOR_nameDef] a ingénieusement parlé de [TalkTopicLight] à [RECIPIENT_nameDef].</li>
		<li>r_logentry->[INITIATOR_nameDef] n'a pas apprécié les propos de [subject] au sujet de [RECIPIENT_nameDef].</li>

		<li>r_logentry->[INITIATOR_nameDef] [complimented] [RECIPIENT_nameDef] de [PersonalCharacteristic].</li>
		<li>r_logentry->[INITIATOR_nameDef] [complimented] [RECIPIENT_nameDef] la faction.</li>
		<li>r_logentry->[INITIATOR_nameDef] [complimented] la relation qu'il entretient avec [RECIPIENT_factionName].</li>

		<li>r_logentry->[INITIATOR_nameDef] a salué [RECIPIENT_nameDef] de la part de [PersonFamily].</li>

		<li>r_logentry->[INITIATOR_nameDef] a essayé de se lier avec [RECIPIENT_nameDef] en partageant son(sa) [opinion].</li>

		<li>opinion->soutien de [ConceptPositive]</li>
		<li>opinion->dégoût de [ConceptNegative]</li>

		<li>opinion->nostalgie de [ConceptPositive]</li>
		<li>opinion->crainte de [ConceptNegative]</li>

		<li>opinion->opinion à propos de [ConceptAny]</li>

		<li>complimented->a vanté</li>
     		<li>complimented->a félicite</li>
        	<li>complimented->a glorifie</li>
        	<li>complimented->a applaudit</li>
        	<li>complimented->a célébré</li>

		</GuestDiplomacy.logRulesInitiator.rulesStrings>

	<CharmGuestAttempt.label>charm attempt</CharmGuestAttempt.label>
 	<CharmGuestAttempt.logRulesInitiator.rulesStrings>

        <li>r_logentry->[INITIATOR_nameDef] [saidwords] [RECIPIENT_nameDef].</li>

        <li>r_logentry->[INITIATOR_nameDef] raconte à [RECIPIENT_nameDef] le(la) [ConceptPositive] de [INITIATOR_factionName].</li>

        <li>r_logentry->[INITIATOR_nameDef] a échangé avec [RECIPIENT_nameDef] des dires [adjwords] à propos d'un autre colon.</li>

        <li>r_logentry->[INITIATOR_nameDef] parle d'un autre colon à [RECIPIENT_nameDef].</li>

        <li>saidwords->parle en utilisant des mots [adjwords] à</li>
        <li>saidwords->exprime son(sa) [ConceptPositive] envers</li>
        <li>saidwords->fait des gestes [adjwords] envers</li>

		<li>adjwords->intriguants</li>
		<li>adjwords->gentils</li>
		<li>adjwords->attrayants</li>
		<li>adjwords->amicaux</li>
		<li>adjwords->charmants</li>

	</CharmGuestAttempt.logRulesInitiator.rulesStrings>

</LanguageData>
