﻿<?xml version="1.0" encoding="utf-8" ?>
<!--suppress ALL -->
<LanguageData>
	
	<CharmGuest.reportString>Tratando de conseguir que targetA se quede en la colonia.</CharmGuest.reportString>
	<GuestImproveRelationship.reportString>Tratando de mejorar la relación con la facción tarjetA.</GuestImproveRelationship.reportString>
	<BuyItem.reportString>Comprobación de TarjetA.</BuyItem.reportString>
	<BrowseItems.reportString>Comprobación de TarjetA.</BrowseItems.reportString>

</LanguageData>
