﻿<?xml version="1.0" encoding="utf-8"?>
<LanguageData>

  <RecruitRelationshipDamage.label>recrutar gera danos no relacionamento</RecruitRelationshipDamage.label>
  <RecruitRelationshipDamage.description>O dano causado ao relacionamento com a facção dessa pessoa ao recrutar com sucesso.</RecruitRelationshipDamage.description>

  <RecruitEffectivity.label>fator de efetividade ao recrutar</RecruitEffectivity.label>
  <RecruitEffectivity.description>A eficácia ao tentar atrair os visitantes para se juntarem à sua facção.</RecruitEffectivity.description>


</LanguageData>