<?xml version="1.0" encoding="utf-8" ?>
<LanguageData>

	<GuestPaidFee.stages.had_to_pay_fee.label>A du payer</GuestPaidFee.stages.had_to_pay_fee.label>
	<GuestPaidFee.stages.had_to_pay_fee.description>J'ai du payer pour avoir un lit...</GuestPaidFee.stages.had_to_pay_fee.description>

	<GuestAngered.stages.angered_by_recruitment.label>Faché du recrutement !</GuestAngered.stages.angered_by_recruitment.label>
	<GuestAngered.stages.angered_by_recruitment.description>Ces gens essaient d'enrôler de force nos membres !</GuestAngered.stages.angered_by_recruitment.description>
	
	<GuestRecruitmentForced.stages.involuntarily_recruited.label>Recrutement involontaire</GuestRecruitmentForced.stages.involuntarily_recruited.label>
	<GuestRecruitmentForced.stages.involuntarily_recruited.description>Je ne suis même pas sur(e) de rester ici.</GuestRecruitmentForced.stages.involuntarily_recruited.description>
	
	<GuestOffendedRelationship.stages.insulted_by_colonist.label>Offensé(e) par les colons</GuestOffendedRelationship.stages.insulted_by_colonist.label>
	<GuestOffendedRelationship.stages.insulted_by_colonist.labelSocial>M'a offensé</GuestOffendedRelationship.stages.insulted_by_colonist.labelSocial>
	<GuestOffendedRelationship.stages.insulted_by_colonist.description>Que des perdants !</GuestOffendedRelationship.stages.insulted_by_colonist.description>
  
	<GuestPleasedRelationship.stages.charmed_by_colonist.label>Fasciné(e) par les colons</GuestPleasedRelationship.stages.charmed_by_colonist.label>
	<GuestPleasedRelationship.stages.charmed_by_colonist.labelSocial>M'a fasciné</GuestPleasedRelationship.stages.charmed_by_colonist.labelSocial>
	<GuestPleasedRelationship.stages.charmed_by_colonist.description>Des gens tellement sympathiques !</GuestPleasedRelationship.stages.charmed_by_colonist.description>
	
	<EndorsedByRecruiter.stages.endorsed_by_recruiter.label>Consenti par les colons diplomates</EndorsedByRecruiter.stages.endorsed_by_recruiter.label>
	<EndorsedByRecruiter.stages.endorsed_by_recruiter.labelSocial>M'a consenti</EndorsedByRecruiter.stages.endorsed_by_recruiter.labelSocial>
	<EndorsedByRecruiter.stages.endorsed_by_recruiter.description>Cette personne m'a été recommandée</EndorsedByRecruiter.stages.endorsed_by_recruiter.description>
	
	<GuestDismissiveAttitude.stages.tired_of_talking.label>Fatigué de parler</GuestDismissiveAttitude.stages.tired_of_talking.label>
	<GuestDismissiveAttitude.stages.tired_of_talking.description>Je vous ai trop parlé, fichez-moi la paix !</GuestDismissiveAttitude.stages.tired_of_talking.description>
	
	<GuestCantAffordBed.stages.cant_afford_a_bed.label>Lits trop chers !</GuestCantAffordBed.stages.cant_afford_a_bed.label>
	<GuestCantAffordBed.stages.cant_afford_a_bed.description>Je n'ai pas les moyens de louer un lit !</GuestCantAffordBed.stages.cant_afford_a_bed.description>
	
	<GuestBedCount.stages.no_guest_beds.label>Pas de lits d'invités !</GuestBedCount.stages.no_guest_beds.label>
	<GuestBedCount.stages.no_guest_beds.description>Ils n'ont même pas un seul lits pour invité ici...</GuestBedCount.stages.no_guest_beds.description>

	<GuestBedCount.stages.not_enough_guest_beds.label>Pas assez de lits</GuestBedCount.stages.not_enough_guest_beds.label>
	<GuestBedCount.stages.not_enough_guest_beds.description>Il devrait y avoid plus de lits pour invites...</GuestBedCount.stages.not_enough_guest_beds.description>

	<GuestBedCount.stages.enough_beds.label>Assez de lits</GuestBedCount.stages.enough_beds.label>
	<GuestBedCount.stages.enough_beds.description>C'est bien, il y a assez de lits pour nous tous.</GuestBedCount.stages.enough_beds.description>

	<GuestBedCount.stages.lots_of_beds.label>Tant et tant de lits !</GuestBedCount.stages.lots_of_beds.label>
	<GuestBedCount.stages.lots_of_beds.description>Il y a tellement de lits que je ne sais pas lequel choisir !</GuestBedCount.stages.lots_of_beds.description>
	
</LanguageData>
