﻿<?xml version="1.0" encoding="utf-8" ?>
<Defs>

  <!-- ============= Cleaning ============= -->
  <WorkGiverDef>
    <defName>CleanFilth</defName>
    <label>clean filth</label>
    <giverClass>CleaningArea.WorkGiver_CleanFilth_CleaningArea</giverClass>
    <workType>Cleaning</workType>
    <verb>clean</verb>
    <gerund>cleaning</gerund>
    <priorityInType>5</priorityInType>
    <requiredCapacities>
      <li>Manipulation</li>
    </requiredCapacities>
  </WorkGiverDef>

</Defs>