<?xml version="1.0" encoding="utf-8" ?>
<LanguageData>

	<rep>
		<path>GuestBeds.label</path>
		<trans>Lits de visiteurs</trans>
	</rep>
	<rep>
		<path>GuestBeds.helpText</path>
		<trans>Les visiteurs préfèrent dormir dans des lits.\n\nVous pouvez convertir des lits en utilisants le bouton "Pour visiteurs"</trans>
	</rep>

	<rep>
		<path>RecruitGuest.label</path>
		<trans>En train de recruter des visiteurs</trans>
	</rep>
	<rep>
		<path>RecruitGuest.helpText</path>
		<trans>Vous pouvez recruter des visiteurs\n\nRecruter coûte un certain nombre de points de "Bonne Volonté" que vous entretenez avec la faction du visiteur. Assurez-vous de la compétence "Sociabilité" du colon recruteur en sélectionnant le job "Négocier" dans l'onglet "Travail".</trans>
	</rep>

	<rep>
		<path>GuestWork.label</path>
		<trans>Aide des visiteurs </trans>
	</rep>
	<rep>
		<path>GuestWork.helpText</path>
		<trans> Les visiteurs heureux peuvent aider la colonie en fonction de leur qualification. Vous pouvez désactiver, réduire ou augmenter le niveau requis de la compétence dans les options du mod. </trans>
	</rep>

	<rep>
		<path>Hospitality.label</path>
		<trans>Hospitalité</trans>
	</rep>
	<rep>
		<path>Hospitality.helpText</path>
		<trans> Quand des visiteurs arrivent, ils utiliseront vos loisirs, dormiront dans les lits réservés aux visiteurs et achèteront des objets dans la zone commerciale. \n\nLeur appréciation du séjour déterminera votre relation avec leur faction et augmentera ou baissera les points de "Bonne volonté" que vous entretenez avec la faction des visiteurs.</trans>
	</rep>

</LanguageData>
