﻿<?xml version="1.0" encoding="utf-8"?>
<LanguageData>

  <GuestDiplomacy.label>improve relationship</GuestDiplomacy.label>
  <GuestDiplomacy.logRulesInitiator.rulesStrings.0>r_logentry->[INITIATOR_nameDef] made diplomatic conversation with [RECIPIENT_nameDef] about [TalkTopicLight].</GuestDiplomacy.logRulesInitiator.rulesStrings.0>
  <GuestDiplomacy.logRulesInitiator.rulesStrings.1>r_logentry->[INITIATOR_nameDef] discussed the political relevance of [subject] with [RECIPIENT_nameDef].</GuestDiplomacy.logRulesInitiator.rulesStrings.1>
  <GuestDiplomacy.logRulesInitiator.rulesStrings.2>r_logentry->[INITIATOR_nameDef] [complimented] [RECIPIENT_nameDef]'s [PersonalCharacteristic].</GuestDiplomacy.logRulesInitiator.rulesStrings.2>
  <GuestDiplomacy.logRulesInitiator.rulesStrings.3>r_logentry->[INITIATOR_nameDef] [complimented] [RECIPIENT_nameDef]'s faction.</GuestDiplomacy.logRulesInitiator.rulesStrings.3>
  <GuestDiplomacy.logRulesInitiator.rulesStrings.4>r_logentry->[INITIATOR_nameDef] [complimented] the relationship with [RECIPIENT_factionName].</GuestDiplomacy.logRulesInitiator.rulesStrings.4>
  <GuestDiplomacy.logRulesInitiator.rulesStrings.5>r_logentry->[INITIATOR_nameDef] gave regards to [RECIPIENT_nameDef]'s [PersonFamily].</GuestDiplomacy.logRulesInitiator.rulesStrings.5>
  <GuestDiplomacy.logRulesInitiator.rulesStrings.6>r_logentry->[INITIATOR_nameDef] tried to bond with [RECIPIENT_nameDef] about their shared [opinion].</GuestDiplomacy.logRulesInitiator.rulesStrings.6>
  <GuestDiplomacy.logRulesInitiator.rulesStrings.7>opinion->support of [ConceptPositive]</GuestDiplomacy.logRulesInitiator.rulesStrings.7>
  <GuestDiplomacy.logRulesInitiator.rulesStrings.8>opinion->disgust for [ConceptNegative]</GuestDiplomacy.logRulesInitiator.rulesStrings.8>
  <GuestDiplomacy.logRulesInitiator.rulesStrings.9>opinion->fear of [ConceptNegative]</GuestDiplomacy.logRulesInitiator.rulesStrings.9>
  <GuestDiplomacy.logRulesInitiator.rulesStrings.10>opinion->opinion about [ConceptAny]</GuestDiplomacy.logRulesInitiator.rulesStrings.10>
  <GuestDiplomacy.logRulesInitiator.rulesStrings.11>opinion->longing for [ConceptPositive]</GuestDiplomacy.logRulesInitiator.rulesStrings.11>
  <GuestDiplomacy.logRulesInitiator.rulesStrings.12>complimented->praised</GuestDiplomacy.logRulesInitiator.rulesStrings.12>
  <GuestDiplomacy.logRulesInitiator.rulesStrings.13>complimented->commended</GuestDiplomacy.logRulesInitiator.rulesStrings.13>
  <GuestDiplomacy.logRulesInitiator.rulesStrings.14>complimented->lauded</GuestDiplomacy.logRulesInitiator.rulesStrings.14>
  <GuestDiplomacy.logRulesInitiator.rulesStrings.15>complimented->applauded</GuestDiplomacy.logRulesInitiator.rulesStrings.15>
  <GuestDiplomacy.logRulesInitiator.rulesStrings.16>complimented->celebrated</GuestDiplomacy.logRulesInitiator.rulesStrings.16>

  <CharmGuestAttempt.label>charm attempt</CharmGuestAttempt.label>
  <CharmGuestAttempt.logRulesInitiator.rulesStrings.0>r_logentry->[INITIATOR_nameDef] [saidwords] [RECIPIENT_nameDef].</CharmGuestAttempt.logRulesInitiator.rulesStrings.0>
  <CharmGuestAttempt.logRulesInitiator.rulesStrings.1>r_logentry->[INITIATOR_nameDef] told [RECIPIENT_nameDef] about all the [ConceptPositive] at [INITIATOR_factionName].</CharmGuestAttempt.logRulesInitiator.rulesStrings.1>
  <CharmGuestAttempt.logRulesInitiator.rulesStrings.2>r_logentry->[INITIATOR_nameDef] told [RECIPIENT_nameDef] [adjwords] things about another colonists.</CharmGuestAttempt.logRulesInitiator.rulesStrings.2>
  <CharmGuestAttempt.logRulesInitiator.rulesStrings.3>r_logentry->[INITIATOR_nameDef] introduced [RECIPIENT_nameDef] to another colonist.</CharmGuestAttempt.logRulesInitiator.rulesStrings.3>
  <CharmGuestAttempt.logRulesInitiator.rulesStrings.4>saidwords->said [adjwords] words to</CharmGuestAttempt.logRulesInitiator.rulesStrings.4>
  <CharmGuestAttempt.logRulesInitiator.rulesStrings.5>saidwords->expressed [ConceptPositive] towards</CharmGuestAttempt.logRulesInitiator.rulesStrings.5>
  <CharmGuestAttempt.logRulesInitiator.rulesStrings.6>saidwords->made [adjwords] gestures towards</CharmGuestAttempt.logRulesInitiator.rulesStrings.6>
  <CharmGuestAttempt.logRulesInitiator.rulesStrings.7>adjwords->intriguing</CharmGuestAttempt.logRulesInitiator.rulesStrings.7>
  <CharmGuestAttempt.logRulesInitiator.rulesStrings.8>adjwords->kind</CharmGuestAttempt.logRulesInitiator.rulesStrings.8>
  <CharmGuestAttempt.logRulesInitiator.rulesStrings.9>adjwords->inviting</CharmGuestAttempt.logRulesInitiator.rulesStrings.9>
  <CharmGuestAttempt.logRulesInitiator.rulesStrings.10>adjwords->friendly</CharmGuestAttempt.logRulesInitiator.rulesStrings.10>
  <CharmGuestAttempt.logRulesInitiator.rulesStrings.11>adjwords->charming</CharmGuestAttempt.logRulesInitiator.rulesStrings.11>


</LanguageData>