﻿<?xml version="1.0" encoding="utf-8"?>
<LanguageData>

  <!-- Limbs -->

  <InstallSimpleProstheticTailAnimal.label>安装假尾巴</InstallSimpleProstheticTailAnimal.label>
  <InstallSimpleProstheticTailAnimal.description>安装假尾巴。需要最低4点医疗技能。</InstallSimpleProstheticTailAnimal.description>
  <InstallSimpleProstheticTailAnimal.jobString>正在安装假尾巴。</InstallSimpleProstheticTailAnimal.jobString>

  <InstallPowerClawAnimal.label>安装动力爪</InstallPowerClawAnimal.label>
  <InstallPowerClawAnimal.description>安装动力爪。</InstallPowerClawAnimal.description>
  <InstallPowerClawAnimal.jobString>正在安装动力爪。</InstallPowerClawAnimal.jobString>

  <InstallPegLegAnimal.label>安装动物木腿</InstallPegLegAnimal.label>
  <InstallPegLegAnimal.description>安装动物木腿。</InstallPegLegAnimal.description>
  <InstallPegLegAnimal.jobString>正在安装动物木腿。</InstallPegLegAnimal.jobString>

  <InstallSimpleProstheticLegAnimal.label>安装简易动物假腿</InstallSimpleProstheticLegAnimal.label>
  <InstallSimpleProstheticLegAnimal.description>安装简易动物假腿。需要最低4点医疗技能。</InstallSimpleProstheticLegAnimal.description>
  <InstallSimpleProstheticLegAnimal.jobString>正在安装简易动物假腿。</InstallSimpleProstheticLegAnimal.jobString>

  <InstallBionicLegAnimal.label>安装仿生动物腿</InstallBionicLegAnimal.label>
  <InstallBionicLegAnimal.description>安装仿生动物腿。需要最低8点医疗技能。</InstallBionicLegAnimal.description>
  <InstallBionicLegAnimal.jobString>正在安装仿生动物腿。</InstallBionicLegAnimal.jobString>

  <InstallSimpleProstheticArmAnimal.label>安装简易动物假臂</InstallSimpleProstheticArmAnimal.label>
  <InstallSimpleProstheticArmAnimal.description>安装简易动物假臂。需要最低4点医疗技能。</InstallSimpleProstheticArmAnimal.description>
  <InstallSimpleProstheticArmAnimal.jobString>安装简易动物假臂。</InstallSimpleProstheticArmAnimal.jobString>

  <InstallBionicArmAnimal.label>安装仿生动物臂</InstallBionicArmAnimal.label>
  <InstallBionicArmAnimal.description>安装仿生动物臂。 需要最低8点医疗技能。</InstallBionicArmAnimal.description>
  <InstallBionicArmAnimal.jobString>安装仿生动物臂。</InstallBionicArmAnimal.jobString>


  <!-- Other Parts -->

  <InstallNoseAnimalSimple.label>安装简易动物鼻</InstallNoseAnimalSimple.label>
  <InstallNoseAnimalSimple.description>安装简易动物鼻。需要最低4点医疗技能。</InstallNoseAnimalSimple.description>
  <InstallNoseAnimalSimple.jobString>正在安装简易动物鼻。</InstallNoseAnimalSimple.jobString>

  <InstallBionicEyeAnimal.label>安装仿生动物眼</InstallBionicEyeAnimal.label>
  <InstallBionicEyeAnimal.description>安装仿生动物眼。需要最低8点医疗技能。</InstallBionicEyeAnimal.description>
  <InstallBionicEyeAnimal.jobString>正在安装仿生动物眼。</InstallBionicEyeAnimal.jobString>

  <InstallEarAnimalSimple.label>安装简易动物耳</InstallEarAnimalSimple.label>
  <InstallEarAnimalSimple.description>安装简易动物耳。需要最低4点医疗技能。</InstallEarAnimalSimple.description>
  <InstallEarAnimalSimple.jobString>正在安装简易动物耳。</InstallEarAnimalSimple.jobString>

  <InstallEarAnimalBionic.label>安装仿生动物耳</InstallEarAnimalBionic.label>
  <InstallEarAnimalBionic.description>安装仿生动物耳。需要最低8点医疗技能。</InstallEarAnimalBionic.description>
  <InstallEarAnimalBionic.jobString>正在安装仿生动物耳。</InstallEarAnimalBionic.jobString>

  <InstallJawAnimalSimple.label>安装简易动物下颚</InstallJawAnimalSimple.label>
  <InstallJawAnimalSimple.description>安装简易动物下颚。需要最低4点医疗技能。</InstallJawAnimalSimple.description>
  <InstallJawAnimalSimple.jobString>正在安装简易动物下颚。</InstallJawAnimalSimple.jobString>

  <InstallJawAnimalBionic.label>安装仿生动物下颚</InstallJawAnimalBionic.label>
  <InstallJawAnimalBionic.description>安装强化的仿生动物下颚。需要最低8点医疗技能。</InstallJawAnimalBionic.description>
  <InstallJawAnimalBionic.jobString>正在安装仿生动物下颚。</InstallJawAnimalBionic.jobString>

  <InstallSpineAnimalSimple.label>安装简易动物脊椎</InstallSpineAnimalSimple.label>
  <InstallSpineAnimalSimple.description>安装简易动物脊椎。需要最低6点医疗技能。</InstallSpineAnimalSimple.description>
  <InstallSpineAnimalSimple.jobString>正在安装简易动物脊椎。</InstallSpineAnimalSimple.jobString>

  <InstallSpineAnimalBionic.label>安装仿生动物脊椎</InstallSpineAnimalBionic.label>
  <InstallSpineAnimalBionic.description>安装强化的仿生动物脊椎。需要最低10点医疗技能。</InstallSpineAnimalBionic.description>
  <InstallSpineAnimalBionic.jobString>正在安装仿生动物脊椎。</InstallSpineAnimalBionic.jobString>


  <!-- Organs -->

  <InstallAnimalBrainStimulator.label>安装动物大脑刺激器</InstallAnimalBrainStimulator.label>
  <InstallAnimalBrainStimulator.description>安装动物大脑刺激器。需要最低10点医疗技能。</InstallAnimalBrainStimulator.description>
  <InstallAnimalBrainStimulator.jobString>正在安装动物大脑刺激器。</InstallAnimalBrainStimulator.jobString>

  <InstallBionicAnimalHeart.label>安装仿生动物心脏</InstallBionicAnimalHeart.label>
  <InstallBionicAnimalHeart.description>安装仿生动物心脏。需要最低10点医疗技能。</InstallBionicAnimalHeart.description>
  <InstallBionicAnimalHeart.jobString>正在安装仿生动物心脏。</InstallBionicAnimalHeart.jobString>

  <InstallBionicAnimalLung.label>安装仿生动物肺</InstallBionicAnimalLung.label>
  <InstallBionicAnimalLung.description>安装仿生动物肺。需要最低10点医疗技能。</InstallBionicAnimalLung.description>
  <InstallBionicAnimalLung.jobString>正在安装仿生动物肺</InstallBionicAnimalLung.jobString>

  <InstallBionicAnimalLiver.label>安装仿生动物肝</InstallBionicAnimalLiver.label>
  <InstallBionicAnimalLiver.description>安装仿生动物肝。需要最低10点医疗技能。</InstallBionicAnimalLiver.description>
  <InstallBionicAnimalLiver.jobString>正在安装仿生动物肝</InstallBionicAnimalLiver.jobString>

  <InstallBionicAnimalKidney.label>安装仿生动物肾</InstallBionicAnimalKidney.label>
  <InstallBionicAnimalKidney.description>安装仿生动物肾。需要最低10点医疗技能。</InstallBionicAnimalKidney.description>
  <InstallBionicAnimalKidney.jobString>Installing bionic animal kidney.</InstallBionicAnimalKidney.jobString>

  <InstallBionicAnimalStomach.label>安装仿生动物胃</InstallBionicAnimalStomach.label>
  <InstallBionicAnimalStomach.description>安装仿生动物胃。需要最低10点医疗技能。</InstallBionicAnimalStomach.description>
  <InstallBionicAnimalStomach.jobString>正在安装仿生动物胃。</InstallBionicAnimalStomach.jobString>


</LanguageData>
