﻿<?xml version="1.0" encoding="utf-8"?>
<LanguageData>

  <!-- Injuries -->

  <CureInjuryBurnAnimal.label>治疗烧伤</CureInjuryBurnAnimal.label>
  <CureInjuryBurnAnimal.description>治疗烧伤。</CureInjuryBurnAnimal.description>
  <CureInjuryBurnAnimal.jobString>正在治疗烧伤。</CureInjuryBurnAnimal.jobString>

  <CureInjuryCrushAnimal.label>治疗压伤</CureInjuryCrushAnimal.label>
  <CureInjuryCrushAnimal.description>治疗压伤。</CureInjuryCrushAnimal.description>
  <CureInjuryCrushAnimal.jobString>正在治疗压伤。</CureInjuryCrushAnimal.jobString>

  <CureInjuryCrackAnimal.label>治疗破裂</CureInjuryCrackAnimal.label>
  <CureInjuryCrackAnimal.description>治疗破裂。</CureInjuryCrackAnimal.description>
  <CureInjuryCrackAnimal.jobString>正在治疗破裂。</CureInjuryCrackAnimal.jobString>

  <CureInjuryCutAnimal.label>治疗割伤</CureInjuryCutAnimal.label>
  <CureInjuryCutAnimal.description>治疗割伤。</CureInjuryCutAnimal.description>
  <CureInjuryCutAnimal.jobString>正在治疗割伤。</CureInjuryCutAnimal.jobString>

  <CureInjurySurgicalCutAnimal.label>治疗手术伤</CureInjurySurgicalCutAnimal.label>
  <CureInjurySurgicalCutAnimal.description>治疗手术伤。</CureInjurySurgicalCutAnimal.description>
  <CureInjurySurgicalCutAnimal.jobString>正在治疗手术伤。</CureInjurySurgicalCutAnimal.jobString>

  <CureInjuryScratchAnimal.label>治疗刮伤</CureInjuryScratchAnimal.label>
  <CureInjuryScratchAnimal.description>治疗刮伤。</CureInjuryScratchAnimal.description>
  <CureInjuryScratchAnimal.jobString>正在治疗刮伤。</CureInjuryScratchAnimal.jobString>

  <CureInjuryBiteAnimal.label>治疗咬伤</CureInjuryBiteAnimal.label>
  <CureInjuryBiteAnimal.description>治疗咬伤。</CureInjuryBiteAnimal.description>
  <CureInjuryBiteAnimal.jobString>正在治疗咬伤。</CureInjuryBiteAnimal.jobString>

  <CureInjuryStabAnimal.label>治疗刺伤</CureInjuryStabAnimal.label>
  <CureInjuryStabAnimal.description>治疗刺伤。</CureInjuryStabAnimal.description>
  <CureInjuryStabAnimal.jobString>正在治疗刺伤。</CureInjuryStabAnimal.jobString>

  <CureInjuryGunshotAnimal.label>治疗枪伤</CureInjuryGunshotAnimal.label>
  <CureInjuryGunshotAnimal.description>治疗枪伤。</CureInjuryGunshotAnimal.description>
  <CureInjuryGunshotAnimal.jobString>正在治疗枪伤。</CureInjuryGunshotAnimal.jobString>

  <CureInjuryShreddedAnimal.label>治疗撕裂</CureInjuryShreddedAnimal.label>
  <CureInjuryShreddedAnimal.description>治疗撕裂。</CureInjuryShreddedAnimal.description>
  <CureInjuryShreddedAnimal.jobString>正在治疗撕裂。</CureInjuryShreddedAnimal.jobString>

  <CureInjuryBruiseAnimal.label>治疗瘀伤</CureInjuryBruiseAnimal.label>
  <CureInjuryBruiseAnimal.description>治疗瘀伤。</CureInjuryBruiseAnimal.description>
  <CureInjuryBruiseAnimal.jobString>正在治疗瘀伤。</CureInjuryBruiseAnimal.jobString>


</LanguageData>
