﻿<?xml version="1.0" encoding="utf-8"?>
<LanguageData>

  <!-- SPECIAL: These Recipes from makeable ThingDefs (which include <recipeMaker>), generated by RimTrans -->


  <!-- Recipe Users: TableAnimalProsthetics -->

  <Make_ProstheticTailAnimal.label>制作简易动物假尾巴</Make_ProstheticTailAnimal.label>
  <Make_ProstheticTailAnimal.description>制作简易动物假尾巴</Make_ProstheticTailAnimal.description>
  <Make_ProstheticTailAnimal.jobString>正在制作简易动物假尾巴</Make_ProstheticTailAnimal.jobString>

  <Make_SimpleProstheticLegAnimal.label>制作简易动物假腿</Make_SimpleProstheticLegAnimal.label>
  <Make_SimpleProstheticLegAnimal.description>制作简易动物假腿</Make_SimpleProstheticLegAnimal.description>
  <Make_SimpleProstheticLegAnimal.jobString>正在制作简易动物假腿</Make_SimpleProstheticLegAnimal.jobString>

  <Make_SimpleProstheticArmAnimal.label>制作简易动物假臂</Make_SimpleProstheticArmAnimal.label>
  <Make_SimpleProstheticArmAnimal.description>制作简易动物假臂</Make_SimpleProstheticArmAnimal.description>
  <Make_SimpleProstheticArmAnimal.jobString>正在制作简易动物假臂</Make_SimpleProstheticArmAnimal.jobString>

  <Make_NoseAnimalSimple.label>制作简易动物鼻</Make_NoseAnimalSimple.label>
  <Make_NoseAnimalSimple.description>制作简易动物鼻</Make_NoseAnimalSimple.description>
  <Make_NoseAnimalSimple.jobString>正在制作简易动物鼻</Make_NoseAnimalSimple.jobString>

  <Make_JawAnimalSimple.label>制作简易动物下颚</Make_JawAnimalSimple.label>
  <Make_JawAnimalSimple.description>制作简易动物下颚</Make_JawAnimalSimple.description>
  <Make_JawAnimalSimple.jobString>正在制作简易动物下颚</Make_JawAnimalSimple.jobString>

  <Make_EarAnimalSimple.label>制作简易动物耳</Make_EarAnimalSimple.label>
  <Make_EarAnimalSimple.description>制作简易动物耳</Make_EarAnimalSimple.description>
  <Make_EarAnimalSimple.jobString>正在制作简易动物耳</Make_EarAnimalSimple.jobString>

  <Make_SpineAnimalSimple.label>制作简易动物脊椎</Make_SpineAnimalSimple.label>
  <Make_SpineAnimalSimple.description>制作简易动物脊椎</Make_SpineAnimalSimple.description>
  <Make_SpineAnimalSimple.jobString>正在制作简易动物脊椎</Make_SpineAnimalSimple.jobString>

  <Make_BionicLegAnimal.label>制作仿生动物腿</Make_BionicLegAnimal.label>
  <Make_BionicLegAnimal.description>制作仿生动物腿</Make_BionicLegAnimal.description>
  <Make_BionicLegAnimal.jobString>正在制作仿生动物腿</Make_BionicLegAnimal.jobString>

  <Make_BionicArmAnimal.label>仿生动物臂</Make_BionicArmAnimal.label>
  <Make_BionicArmAnimal.description>仿生动物臂</Make_BionicArmAnimal.description>
  <Make_BionicArmAnimal.jobString>正在仿生动物臂</Make_BionicArmAnimal.jobString>

  <Make_BionicEyeAnimal.label>制作仿生动物眼</Make_BionicEyeAnimal.label>
  <Make_BionicEyeAnimal.description>制作仿生动物眼</Make_BionicEyeAnimal.description>
  <Make_BionicEyeAnimal.jobString>正在制作仿生动物眼</Make_BionicEyeAnimal.jobString>

  <Make_JawAnimalBionic.label>制作仿生动物下颚</Make_JawAnimalBionic.label>
  <Make_JawAnimalBionic.description>制作仿生动物下颚</Make_JawAnimalBionic.description>
  <Make_JawAnimalBionic.jobString>正在制作仿生动物下颚</Make_JawAnimalBionic.jobString>

  <Make_EarAnimalBionic.label>制作仿生动物耳</Make_EarAnimalBionic.label>
  <Make_EarAnimalBionic.description>制作仿生动物耳</Make_EarAnimalBionic.description>
  <Make_EarAnimalBionic.jobString>正在制作仿生动物耳</Make_EarAnimalBionic.jobString>

  <Make_SpineAnimalBionic.label>制作仿生动物脊椎</Make_SpineAnimalBionic.label>
  <Make_SpineAnimalBionic.description>制作仿生动物脊椎</Make_SpineAnimalBionic.description>
  <Make_SpineAnimalBionic.jobString>正在制作仿生动物脊椎</Make_SpineAnimalBionic.jobString>

  <Make_AnimalBrainStimulator.label>制作仿生动物大脑刺激器</Make_AnimalBrainStimulator.label>
  <Make_AnimalBrainStimulator.description>制作仿生动物大脑刺激器</Make_AnimalBrainStimulator.description>
  <Make_AnimalBrainStimulator.jobString>正在制作仿生动物大脑刺激器</Make_AnimalBrainStimulator.jobString>

  <Make_BionicAnimalHeart.label>制作仿生动物心脏</Make_BionicAnimalHeart.label>
  <Make_BionicAnimalHeart.description>制作仿生动物心脏</Make_BionicAnimalHeart.description>
  <Make_BionicAnimalHeart.jobString>正在制作仿生动物心脏</Make_BionicAnimalHeart.jobString>

  <Make_BionicAnimalStomach.label>制作仿生动物胃</Make_BionicAnimalStomach.label>
  <Make_BionicAnimalStomach.description>制作仿生动物胃</Make_BionicAnimalStomach.description>
  <Make_BionicAnimalStomach.jobString>正在制作仿生动物胃</Make_BionicAnimalStomach.jobString>

  <Make_BionicAnimalLung.label>制作仿生动物肺</Make_BionicAnimalLung.label>
  <Make_BionicAnimalLung.description>制作仿生动物肺</Make_BionicAnimalLung.description>
  <Make_BionicAnimalLung.jobString>正在制作仿生动物肺</Make_BionicAnimalLung.jobString>

  <Make_BionicAnimalLiver.label>制作仿生动物肝</Make_BionicAnimalLiver.label>
  <Make_BionicAnimalLiver.description>制作仿生动物肝</Make_BionicAnimalLiver.description>
  <Make_BionicAnimalLiver.jobString>正在制作仿生动物肝</Make_BionicAnimalLiver.jobString>

  <Make_BionicAnimalKidney.label>制作仿生动物肾</Make_BionicAnimalKidney.label>
  <Make_BionicAnimalKidney.description>制作仿生动物肾</Make_BionicAnimalKidney.description>
  <Make_BionicAnimalKidney.jobString>正在制作仿生动物肾</Make_BionicAnimalKidney.jobString>


</LanguageData>
